,CD_ID,Borough,Year,PC_Trash
0,Bronx 1,Bronx,1992,0.3814699032823612
1,Bronx 1,Bronx,1993,0.35998935417034417
2,Bronx 1,Bronx,1994,0.36214597047357155
3,Bronx 1,Bronx,1995,0.3325266495754144
4,Bronx 1,Bronx,1996,0.32620738548242345
5,Bronx 1,Bronx,1997,0.30624243135146767
6,Bronx 1,Bronx,1998,0.29808868137479366
7,Bronx 1,Bronx,1999,0.2826115845903631
8,Bronx 1,Bronx,2000,0.2731800533112623
9,Bronx 1,Bronx,2001,0.27401308430536814
10,Bronx 1,Bronx,2002,0.27732447467032667
11,Bronx 1,Bronx,2003,0.28625743008511567
12,Bronx 1,Bronx,2004,0.2663578469434189
13,Bronx 1,Bronx,2005,0.26369706312880115
14,Bronx 1,Bronx,2006,0.2607060999631665
15,Bronx 1,Bronx,2007,0.26744858925463727
16,Bronx 1,Bronx,2008,0.2693981381868162
17,Bronx 1,Bronx,2009,0.2557079366150597
18,Bronx 1,Bronx,2010,0.25471436221952637
19,Bronx 1,Bronx,2011,0.26792889170228557
20,Bronx 1,Bronx,2012,0.2535465439305288
21,Bronx 1,Bronx,2013,0.24665163358918082
22,Bronx 1,Bronx,2014,0.23734743125173985
23,Bronx 1,Bronx,2015,0.22719118767740878
24,Bronx 1,Bronx,2016,0.22848149456869282
25,Bronx 1,Bronx,2017,0.2286263040435106
26,Bronx 1,Bronx,2018,0.23039754519874084
27,Bronx 10,Bronx,1992,0.26924935207599815
28,Bronx 10,Bronx,1993,0.2363525498308738
29,Bronx 10,Bronx,1994,0.23760224678894373
30,Bronx 10,Bronx,1995,0.24463557185614734
31,Bronx 10,Bronx,1996,0.28146684975904074
32,Bronx 10,Bronx,1997,0.26161446610209854
33,Bronx 10,Bronx,1998,0.25313569681084375
34,Bronx 10,Bronx,1999,0.24553044028398024
35,Bronx 10,Bronx,2000,0.23987045917135266
36,Bronx 10,Bronx,2001,0.24187885317026855
37,Bronx 10,Bronx,2002,0.27069686881917276
38,Bronx 10,Bronx,2003,0.2974734105562025
39,Bronx 10,Bronx,2004,0.2905754440378499
40,Bronx 10,Bronx,2005,0.28288614581164734
41,Bronx 10,Bronx,2006,0.27881327186782645
42,Bronx 10,Bronx,2007,0.27615204357903395
43,Bronx 10,Bronx,2008,0.27580341923623414
44,Bronx 10,Bronx,2009,0.2658921864628074
45,Bronx 10,Bronx,2010,0.2605131570204
46,Bronx 10,Bronx,2011,0.27358322430819726
47,Bronx 10,Bronx,2012,0.2629065018831312
48,Bronx 10,Bronx,2013,0.24538673711134387
49,Bronx 10,Bronx,2014,0.23883414335780392
50,Bronx 10,Bronx,2015,0.23368498501169926
51,Bronx 10,Bronx,2016,0.23989391441294752
52,Bronx 10,Bronx,2017,0.23944782134184991
53,Bronx 10,Bronx,2018,0.24246785182646224
54,Bronx 11,Bronx,1992,0.40377104738193154
55,Bronx 11,Bronx,1993,0.3568967020843837
56,Bronx 11,Bronx,1994,0.36720818914471487
57,Bronx 11,Bronx,1995,0.35989905931399396
58,Bronx 11,Bronx,1996,0.3475155817823672
59,Bronx 11,Bronx,1997,0.3189239085680378
60,Bronx 11,Bronx,1998,0.3096974358364868
61,Bronx 11,Bronx,1999,0.3088658514250013
62,Bronx 11,Bronx,2000,0.3118963741802613
63,Bronx 11,Bronx,2001,0.3133962383397577
64,Bronx 11,Bronx,2002,0.3482787844087872
65,Bronx 11,Bronx,2003,0.37057804813258355
66,Bronx 11,Bronx,2004,0.3485987936677012
67,Bronx 11,Bronx,2005,0.34152351692373517
68,Bronx 11,Bronx,2006,0.3350321657560453
69,Bronx 11,Bronx,2007,0.3317640050302428
70,Bronx 11,Bronx,2008,0.33316904034367256
71,Bronx 11,Bronx,2009,0.3273433564299238
72,Bronx 11,Bronx,2010,0.3208916207432528
73,Bronx 11,Bronx,2011,0.3405001190353039
74,Bronx 11,Bronx,2012,0.3202214284400974
75,Bronx 11,Bronx,2013,0.3073274079664533
76,Bronx 11,Bronx,2014,0.3078478177044826
77,Bronx 11,Bronx,2015,0.3084107836174819
78,Bronx 11,Bronx,2016,0.31161680551814375
79,Bronx 11,Bronx,2017,0.309360279947048
80,Bronx 11,Bronx,2018,0.31018446774712444
81,Bronx 12,Bronx,1992,0.4181794056420186
82,Bronx 12,Bronx,1993,0.36019642736632584
83,Bronx 12,Bronx,1994,0.373135051267036
84,Bronx 12,Bronx,1995,0.36052172764836105
85,Bronx 12,Bronx,1996,0.3585631196931038
86,Bronx 12,Bronx,1997,0.3335716024813423
87,Bronx 12,Bronx,1998,0.3168941382580502
88,Bronx 12,Bronx,1999,0.3084910858985447
89,Bronx 12,Bronx,2000,0.2932960818905666
90,Bronx 12,Bronx,2001,0.2981323480758105
91,Bronx 12,Bronx,2002,0.3347341487665693
92,Bronx 12,Bronx,2003,0.3556994583346044
93,Bronx 12,Bronx,2004,0.3304865733642779
94,Bronx 12,Bronx,2005,0.3141156977446847
95,Bronx 12,Bronx,2006,0.31811350005463557
96,Bronx 12,Bronx,2007,0.314904299196331
97,Bronx 12,Bronx,2008,0.3248804935188997
98,Bronx 12,Bronx,2009,0.31519082163285317
99,Bronx 12,Bronx,2010,0.3079484587512472
100,Bronx 12,Bronx,2011,0.3216640357797221
101,Bronx 12,Bronx,2012,0.3033448041579666
102,Bronx 12,Bronx,2013,0.29165214576400855
103,Bronx 12,Bronx,2014,0.2904328073987089
104,Bronx 12,Bronx,2015,0.28445319292638577
105,Bronx 12,Bronx,2016,0.2896718485335086
106,Bronx 12,Bronx,2017,0.2868216523839023
107,Bronx 12,Bronx,2018,0.2854199843415465
108,Bronx 2,Bronx,1992,0.4458248871733479
109,Bronx 2,Bronx,1993,0.4213438023221204
110,Bronx 2,Bronx,1994,0.4236194807078014
111,Bronx 2,Bronx,1995,0.4298918421758059
112,Bronx 2,Bronx,1996,0.4232866916060406
113,Bronx 2,Bronx,1997,0.404547588109913
114,Bronx 2,Bronx,1998,0.3643187918792124
115,Bronx 2,Bronx,1999,0.3470462239794178
116,Bronx 2,Bronx,2000,0.3501708525542456
117,Bronx 2,Bronx,2001,0.3583040941468092
118,Bronx 2,Bronx,2002,0.38585286108254396
119,Bronx 2,Bronx,2003,0.41598450530849507
120,Bronx 2,Bronx,2004,0.4030247472212969
121,Bronx 2,Bronx,2005,0.4007472304007203
122,Bronx 2,Bronx,2006,0.39979475750215077
123,Bronx 2,Bronx,2007,0.402825318611981
124,Bronx 2,Bronx,2008,0.4087350007801623
125,Bronx 2,Bronx,2009,0.39540728046940615
126,Bronx 2,Bronx,2010,0.38397580676032617
127,Bronx 2,Bronx,2011,0.39491968638095093
128,Bronx 2,Bronx,2012,0.3622959703043835
129,Bronx 2,Bronx,2013,0.3435358919709134
130,Bronx 2,Bronx,2014,0.3312023179138095
131,Bronx 2,Bronx,2015,0.31585590026900784
132,Bronx 2,Bronx,2016,0.31423890600165644
133,Bronx 2,Bronx,2017,0.31620914886913465
134,Bronx 2,Bronx,2018,0.3179755577095335
135,Bronx 3,Bronx,1992,0.42719084414386815
136,Bronx 3,Bronx,1993,0.3977148091360725
137,Bronx 3,Bronx,1994,0.3865445975266729
138,Bronx 3,Bronx,1995,0.3756317941929285
139,Bronx 3,Bronx,1996,0.37644418343885977
140,Bronx 3,Bronx,1997,0.371544896278756
141,Bronx 3,Bronx,1998,0.3571711894066026
142,Bronx 3,Bronx,1999,0.3587537999394405
143,Bronx 3,Bronx,2000,0.33882083588532097
144,Bronx 3,Bronx,2001,0.32381185782280075
145,Bronx 3,Bronx,2002,0.32444685441249693
146,Bronx 3,Bronx,2003,0.30494195325776097
147,Bronx 3,Bronx,2004,0.2880993347127781
148,Bronx 3,Bronx,2005,0.2918593960687362
149,Bronx 3,Bronx,2006,0.2912152250379047
150,Bronx 3,Bronx,2007,0.2874913718871516
151,Bronx 3,Bronx,2008,0.29126324964542843
152,Bronx 3,Bronx,2009,0.28049756836386414
153,Bronx 3,Bronx,2010,0.26987663298312475
154,Bronx 3,Bronx,2011,0.28690128284846506
155,Bronx 3,Bronx,2012,0.27460446940541167
156,Bronx 3,Bronx,2013,0.2702529576080161
157,Bronx 3,Bronx,2014,0.2569297911992075
158,Bronx 3,Bronx,2015,0.2463783668200366
159,Bronx 3,Bronx,2016,0.25393777033775194
160,Bronx 3,Bronx,2017,0.26178327955402875
161,Bronx 3,Bronx,2018,0.26207077396255024
162,Bronx 4,Bronx,1992,0.41137657932026206
163,Bronx 4,Bronx,1993,0.3773473163709373
164,Bronx 4,Bronx,1994,0.3858582829205597
165,Bronx 4,Bronx,1995,0.3805908636300201
166,Bronx 4,Bronx,1996,0.3801116206371217
167,Bronx 4,Bronx,1997,0.3702068718137821
168,Bronx 4,Bronx,1998,0.3587420924089065
169,Bronx 4,Bronx,1999,0.3560358277623435
170,Bronx 4,Bronx,2000,0.3569628053280597
171,Bronx 4,Bronx,2001,0.36608624620780716
172,Bronx 4,Bronx,2002,0.3809791826480817
173,Bronx 4,Bronx,2003,0.39130244659862345
174,Bronx 4,Bronx,2004,0.38656227943479454
175,Bronx 4,Bronx,2005,0.38365805415722226
176,Bronx 4,Bronx,2006,0.38143459961486553
177,Bronx 4,Bronx,2007,0.37455152231406624
178,Bronx 4,Bronx,2008,0.3891234962183872
179,Bronx 4,Bronx,2009,0.37179322251561286
180,Bronx 4,Bronx,2010,0.36310322928688005
181,Bronx 4,Bronx,2011,0.3827242708326134
182,Bronx 4,Bronx,2012,0.35789838381367667
183,Bronx 4,Bronx,2013,0.3467151938334027
184,Bronx 4,Bronx,2014,0.3303843829880453
185,Bronx 4,Bronx,2015,0.3138876277500026
186,Bronx 4,Bronx,2016,0.3178832682351702
187,Bronx 4,Bronx,2017,0.3212161621172178
188,Bronx 4,Bronx,2018,0.32085457912258786
189,Bronx 5,Bronx,1992,0.3864703883603947
190,Bronx 5,Bronx,1993,0.3488575599279204
191,Bronx 5,Bronx,1994,0.36210360072386616
192,Bronx 5,Bronx,1995,0.3636317596393232
193,Bronx 5,Bronx,1996,0.3590603243527762
194,Bronx 5,Bronx,1997,0.3406607664773687
195,Bronx 5,Bronx,1998,0.32247108016756515
196,Bronx 5,Bronx,1999,0.3188014304701834
197,Bronx 5,Bronx,2000,0.3211311402585864
198,Bronx 5,Bronx,2001,0.3231757594138708
199,Bronx 5,Bronx,2002,0.35239583001996794
200,Bronx 5,Bronx,2003,0.37155381328629883
201,Bronx 5,Bronx,2004,0.3565800419048017
202,Bronx 5,Bronx,2005,0.3466213228669127
203,Bronx 5,Bronx,2006,0.34496154438624
204,Bronx 5,Bronx,2007,0.34307375043205496
205,Bronx 5,Bronx,2008,0.35314668760364676
206,Bronx 5,Bronx,2009,0.34363350328749453
207,Bronx 5,Bronx,2010,0.335100624024961
208,Bronx 5,Bronx,2011,0.35821451538690124
209,Bronx 5,Bronx,2012,0.33532652120875983
210,Bronx 5,Bronx,2013,0.3254269236463748
211,Bronx 5,Bronx,2014,0.31789658481309063
212,Bronx 5,Bronx,2015,0.31021005944576624
213,Bronx 5,Bronx,2016,0.3169186065517926
214,Bronx 5,Bronx,2017,0.3236034872640345
215,Bronx 5,Bronx,2018,0.3279649421488701
216,Bronx 6,Bronx,1992,0.365680689921559
217,Bronx 6,Bronx,1993,0.3324527235821192
218,Bronx 6,Bronx,1994,0.3414580011928114
219,Bronx 6,Bronx,1995,0.34478451151999406
220,Bronx 6,Bronx,1996,0.34386947908987275
221,Bronx 6,Bronx,1997,0.32769734742836026
222,Bronx 6,Bronx,1998,0.3208623116494563
223,Bronx 6,Bronx,1999,0.3202552212697906
224,Bronx 6,Bronx,2000,0.32509380615156963
225,Bronx 6,Bronx,2001,0.3345029760765134
226,Bronx 6,Bronx,2002,0.3597587320382638
227,Bronx 6,Bronx,2003,0.380180402049548
228,Bronx 6,Bronx,2004,0.360971848701592
229,Bronx 6,Bronx,2005,0.35823867938390785
230,Bronx 6,Bronx,2006,0.3553499687829145
231,Bronx 6,Bronx,2007,0.35040242168190855
232,Bronx 6,Bronx,2008,0.35235936969530424
233,Bronx 6,Bronx,2009,0.34155349081399156
234,Bronx 6,Bronx,2010,0.32424100494787916
235,Bronx 6,Bronx,2011,0.3309332366693148
236,Bronx 6,Bronx,2012,0.3126365175048221
237,Bronx 6,Bronx,2013,0.30153200631362875
238,Bronx 6,Bronx,2014,0.29171176096619755
239,Bronx 6,Bronx,2015,0.28208158037421904
240,Bronx 6,Bronx,2016,0.28566347944468024
241,Bronx 6,Bronx,2017,0.28719241092923037
242,Bronx 6,Bronx,2018,0.2944935129626875
243,Bronx 7,Bronx,1992,0.38848830907212184
244,Bronx 7,Bronx,1993,0.34705366342614
245,Bronx 7,Bronx,1994,0.3497645521550158
246,Bronx 7,Bronx,1995,0.3461099592007156
247,Bronx 7,Bronx,1996,0.3330250307561698
248,Bronx 7,Bronx,1997,0.30896778485767296
249,Bronx 7,Bronx,1998,0.3030560374003823
250,Bronx 7,Bronx,1999,0.30254076999458634
251,Bronx 7,Bronx,2000,0.30655960285974926
252,Bronx 7,Bronx,2001,0.3196564308103801
253,Bronx 7,Bronx,2002,0.35107792859709497
254,Bronx 7,Bronx,2003,0.3707077153555459
255,Bronx 7,Bronx,2004,0.35238616270712175
256,Bronx 7,Bronx,2005,0.3394388660194505
257,Bronx 7,Bronx,2006,0.3383640225751556
258,Bronx 7,Bronx,2007,0.3342018956042356
259,Bronx 7,Bronx,2008,0.34547127982345793
260,Bronx 7,Bronx,2009,0.3341930675622615
261,Bronx 7,Bronx,2010,0.3239291816837299
262,Bronx 7,Bronx,2011,0.34668980430973506
263,Bronx 7,Bronx,2012,0.32611512678264676
264,Bronx 7,Bronx,2013,0.3164097659893414
265,Bronx 7,Bronx,2014,0.308564293193194
266,Bronx 7,Bronx,2015,0.3016087416157686
267,Bronx 7,Bronx,2016,0.3123743816404299
268,Bronx 7,Bronx,2017,0.316713995662962
269,Bronx 7,Bronx,2018,0.32236581301097555
270,Bronx 8,Bronx,1992,0.3730328012682992
271,Bronx 8,Bronx,1993,0.31966237630213523
272,Bronx 8,Bronx,1994,0.3249679796371196
273,Bronx 8,Bronx,1995,0.3214841843567447
274,Bronx 8,Bronx,1996,0.31768977312644625
275,Bronx 8,Bronx,1997,0.2972735519390144
276,Bronx 8,Bronx,1998,0.2935781324791194
277,Bronx 8,Bronx,1999,0.29045677076637805
278,Bronx 8,Bronx,2000,0.2924397031539889
279,Bronx 8,Bronx,2001,0.2995015081846519
280,Bronx 8,Bronx,2002,0.3243494537298836
281,Bronx 8,Bronx,2003,0.344681410298201
282,Bronx 8,Bronx,2004,0.31633535649082817
283,Bronx 8,Bronx,2005,0.3041649091980728
284,Bronx 8,Bronx,2006,0.30436706574232913
285,Bronx 8,Bronx,2007,0.3022753621472024
286,Bronx 8,Bronx,2008,0.31041297980953014
287,Bronx 8,Bronx,2009,0.3010121287135734
288,Bronx 8,Bronx,2010,0.29752877687233975
289,Bronx 8,Bronx,2011,0.3145762473641892
290,Bronx 8,Bronx,2012,0.2931199122409568
291,Bronx 8,Bronx,2013,0.2787695908109271
292,Bronx 8,Bronx,2014,0.2766244378333543
293,Bronx 8,Bronx,2015,0.26550045552182594
294,Bronx 8,Bronx,2016,0.26984571740790847
295,Bronx 8,Bronx,2017,0.2762384682629596
296,Bronx 8,Bronx,2018,0.27609362735841386
297,Bronx 9,Bronx,1992,0.4087987409719412
298,Bronx 9,Bronx,1993,0.36521045762068405
299,Bronx 9,Bronx,1994,0.3768444473176468
300,Bronx 9,Bronx,1995,0.37084140453117775
301,Bronx 9,Bronx,1996,0.3557768134964798
302,Bronx 9,Bronx,1997,0.3370036762238443
303,Bronx 9,Bronx,1998,0.33248576050015727
304,Bronx 9,Bronx,1999,0.31538980421773966
305,Bronx 9,Bronx,2000,0.3115346808928922
306,Bronx 9,Bronx,2001,0.31579757323678626
307,Bronx 9,Bronx,2002,0.34005093196938835
308,Bronx 9,Bronx,2003,0.3448882620389139
309,Bronx 9,Bronx,2004,0.3278004796778371
310,Bronx 9,Bronx,2005,0.3294862558615343
311,Bronx 9,Bronx,2006,0.3291100417570637
312,Bronx 9,Bronx,2007,0.3231010561422038
313,Bronx 9,Bronx,2008,0.32469787745140993
314,Bronx 9,Bronx,2009,0.3119928586778372
315,Bronx 9,Bronx,2010,0.30179688678916755
316,Bronx 9,Bronx,2011,0.31747756719122294
317,Bronx 9,Bronx,2012,0.2942608174720939
318,Bronx 9,Bronx,2013,0.28085965122145873
319,Bronx 9,Bronx,2014,0.2564375664757035
320,Bronx 9,Bronx,2015,0.2525681066662289
321,Bronx 9,Bronx,2016,0.2559555605180017
322,Bronx 9,Bronx,2017,0.26222847267179916
323,Bronx 9,Bronx,2018,0.2619537339301717
324,Brooklyn 1,Brooklyn,1992,0.3977366392223416
325,Brooklyn 1,Brooklyn,1993,0.36272374162484833
326,Brooklyn 1,Brooklyn,1994,0.3536495250104987
327,Brooklyn 1,Brooklyn,1995,0.3570281520065237
328,Brooklyn 1,Brooklyn,1996,0.3691226275887671
329,Brooklyn 1,Brooklyn,1997,0.35673394969757233
330,Brooklyn 1,Brooklyn,1998,0.3430753981041711
331,Brooklyn 1,Brooklyn,1999,0.3384113070900534
332,Brooklyn 1,Brooklyn,2000,0.3352686200401651
333,Brooklyn 1,Brooklyn,2001,0.34470451464282886
334,Brooklyn 1,Brooklyn,2002,0.373389728779308
335,Brooklyn 1,Brooklyn,2003,0.39380317297942347
336,Brooklyn 1,Brooklyn,2004,0.3705626572581073
337,Brooklyn 1,Brooklyn,2005,0.35270067634566615
338,Brooklyn 1,Brooklyn,2006,0.34291017885337616
339,Brooklyn 1,Brooklyn,2007,0.33518511757598796
340,Brooklyn 1,Brooklyn,2008,0.31947267526371564
341,Brooklyn 1,Brooklyn,2009,0.3133857284938543
342,Brooklyn 1,Brooklyn,2010,0.3043707354275117
343,Brooklyn 1,Brooklyn,2011,0.3236134825323897
344,Brooklyn 1,Brooklyn,2012,0.3142289229974501
345,Brooklyn 1,Brooklyn,2013,0.31540110839095203
346,Brooklyn 1,Brooklyn,2014,0.3208856516536673
347,Brooklyn 1,Brooklyn,2015,0.3223370079128686
348,Brooklyn 1,Brooklyn,2016,0.3272295137990453
349,Brooklyn 1,Brooklyn,2017,0.33158769069028177
350,Brooklyn 1,Brooklyn,2018,0.33724620272521993
351,Brooklyn 10,Brooklyn,1992,0.3708187261542283
352,Brooklyn 10,Brooklyn,1993,0.34117225140573576
353,Brooklyn 10,Brooklyn,1994,0.35168288525371016
354,Brooklyn 10,Brooklyn,1995,0.3434436222447328
355,Brooklyn 10,Brooklyn,1996,0.3563981555316325
356,Brooklyn 10,Brooklyn,1997,0.34002080748337876
357,Brooklyn 10,Brooklyn,1998,0.32075186903898634
358,Brooklyn 10,Brooklyn,1999,0.3111992927260426
359,Brooklyn 10,Brooklyn,2000,0.3090197646521193
360,Brooklyn 10,Brooklyn,2001,0.31904503404887613
361,Brooklyn 10,Brooklyn,2002,0.3444914734041902
362,Brooklyn 10,Brooklyn,2003,0.3785470801124069
363,Brooklyn 10,Brooklyn,2004,0.3551870683774805
364,Brooklyn 10,Brooklyn,2005,0.34344987148521633
365,Brooklyn 10,Brooklyn,2006,0.34307932233767074
366,Brooklyn 10,Brooklyn,2007,0.3385872228335066
367,Brooklyn 10,Brooklyn,2008,0.33120983994678016
368,Brooklyn 10,Brooklyn,2009,0.3244230236460429
369,Brooklyn 10,Brooklyn,2010,0.3147327919287338
370,Brooklyn 10,Brooklyn,2011,0.32581688904002615
371,Brooklyn 10,Brooklyn,2012,0.31427594610129755
372,Brooklyn 10,Brooklyn,2013,0.3090491693264217
373,Brooklyn 10,Brooklyn,2014,0.30171805778643335
374,Brooklyn 10,Brooklyn,2015,0.2976767588043
375,Brooklyn 10,Brooklyn,2016,0.2933207553969347
376,Brooklyn 10,Brooklyn,2017,0.2863331612073457
377,Brooklyn 10,Brooklyn,2018,0.29544158412220967
378,Brooklyn 11,Brooklyn,1992,0.452601174211433
379,Brooklyn 11,Brooklyn,1993,0.4410278274873673
380,Brooklyn 11,Brooklyn,1994,0.4058418044461191
381,Brooklyn 11,Brooklyn,1995,0.35309399427206656
382,Brooklyn 11,Brooklyn,1996,0.3632899460046822
383,Brooklyn 11,Brooklyn,1997,0.3471332155298126
384,Brooklyn 11,Brooklyn,1998,0.32953494343345213
385,Brooklyn 11,Brooklyn,1999,0.3155442964709652
386,Brooklyn 11,Brooklyn,2000,0.3143357598080509
387,Brooklyn 11,Brooklyn,2001,0.31590258432854423
388,Brooklyn 11,Brooklyn,2002,0.34165614324509375
389,Brooklyn 11,Brooklyn,2003,0.3767416043334167
390,Brooklyn 11,Brooklyn,2004,0.35799566182908005
391,Brooklyn 11,Brooklyn,2005,0.34696448970069366
392,Brooklyn 11,Brooklyn,2006,0.34109084179421134
393,Brooklyn 11,Brooklyn,2007,0.33308784447539047
394,Brooklyn 11,Brooklyn,2008,0.3253616429566564
395,Brooklyn 11,Brooklyn,2009,0.3214556421744448
396,Brooklyn 11,Brooklyn,2010,0.31004775223787095
397,Brooklyn 11,Brooklyn,2011,0.3147392918718438
398,Brooklyn 11,Brooklyn,2012,0.3056098909802229
399,Brooklyn 11,Brooklyn,2013,0.3009654925259892
400,Brooklyn 11,Brooklyn,2014,0.3011856834415667
401,Brooklyn 11,Brooklyn,2015,0.3026099653866011
402,Brooklyn 11,Brooklyn,2016,0.30377876812887106
403,Brooklyn 11,Brooklyn,2017,0.3026211196993248
404,Brooklyn 11,Brooklyn,2018,0.3081497935982221
405,Brooklyn 12,Brooklyn,1992,0.4450022725649494
406,Brooklyn 12,Brooklyn,1993,0.4174768972209228
407,Brooklyn 12,Brooklyn,1994,0.39601181437882976
408,Brooklyn 12,Brooklyn,1995,0.36177124223852863
409,Brooklyn 12,Brooklyn,1996,0.3673314049891103
410,Brooklyn 12,Brooklyn,1997,0.3574501573365236
411,Brooklyn 12,Brooklyn,1998,0.3432327511605102
412,Brooklyn 12,Brooklyn,1999,0.33443683014723047
413,Brooklyn 12,Brooklyn,2000,0.33678923078585865
414,Brooklyn 12,Brooklyn,2001,0.3451297126239446
415,Brooklyn 12,Brooklyn,2002,0.3748856421548248
416,Brooklyn 12,Brooklyn,2003,0.4096025766091069
417,Brooklyn 12,Brooklyn,2004,0.38857258990251664
418,Brooklyn 12,Brooklyn,2005,0.38239565494018624
419,Brooklyn 12,Brooklyn,2006,0.380299427928083
420,Brooklyn 12,Brooklyn,2007,0.3769264056184615
421,Brooklyn 12,Brooklyn,2008,0.3680098945919448
422,Brooklyn 12,Brooklyn,2009,0.3608323653931539
423,Brooklyn 12,Brooklyn,2010,0.3503239594110209
424,Brooklyn 12,Brooklyn,2011,0.3629028178850889
425,Brooklyn 12,Brooklyn,2012,0.35375376801252123
426,Brooklyn 12,Brooklyn,2013,0.3522405037864643
427,Brooklyn 12,Brooklyn,2014,0.35722572083744103
428,Brooklyn 12,Brooklyn,2015,0.36147450606781467
429,Brooklyn 12,Brooklyn,2016,0.36389663723257987
430,Brooklyn 12,Brooklyn,2017,0.3631610796540707
431,Brooklyn 12,Brooklyn,2018,0.36458864080664977
432,Brooklyn 13,Brooklyn,1992,0.30573802502669684
433,Brooklyn 13,Brooklyn,1993,0.30890716333626067
434,Brooklyn 13,Brooklyn,1994,0.2966179421599483
435,Brooklyn 13,Brooklyn,1995,0.273254656467472
436,Brooklyn 13,Brooklyn,1996,0.2758497259618549
437,Brooklyn 13,Brooklyn,1997,0.2671109171971755
438,Brooklyn 13,Brooklyn,1998,0.261205789720598
439,Brooklyn 13,Brooklyn,1999,0.2520349190233668
440,Brooklyn 13,Brooklyn,2000,0.2481191104410102
441,Brooklyn 13,Brooklyn,2001,0.2528197768389413
442,Brooklyn 13,Brooklyn,2002,0.2666198855603131
443,Brooklyn 13,Brooklyn,2003,0.29054513025873585
444,Brooklyn 13,Brooklyn,2004,0.28082354081699784
445,Brooklyn 13,Brooklyn,2005,0.2729383739201408
446,Brooklyn 13,Brooklyn,2006,0.26831747251252835
447,Brooklyn 13,Brooklyn,2007,0.25149220554157675
448,Brooklyn 13,Brooklyn,2008,0.24781433876167885
449,Brooklyn 13,Brooklyn,2009,0.24666243181851966
450,Brooklyn 13,Brooklyn,2010,0.24059149580927902
451,Brooklyn 13,Brooklyn,2011,0.25050452976347193
452,Brooklyn 13,Brooklyn,2012,0.26091363808744106
453,Brooklyn 13,Brooklyn,2013,0.2514704283904646
454,Brooklyn 13,Brooklyn,2014,0.23913077532395402
455,Brooklyn 13,Brooklyn,2015,0.23457454835207409
456,Brooklyn 13,Brooklyn,2016,0.2295270931687055
457,Brooklyn 13,Brooklyn,2017,0.22957847193050152
458,Brooklyn 13,Brooklyn,2018,0.2383205925166633
459,Brooklyn 14,Brooklyn,1992,0.4129261216503442
460,Brooklyn 14,Brooklyn,1993,0.36878320558443817
461,Brooklyn 14,Brooklyn,1994,0.36784833956902163
462,Brooklyn 14,Brooklyn,1995,0.35598549260257945
463,Brooklyn 14,Brooklyn,1996,0.3687663900921749
464,Brooklyn 14,Brooklyn,1997,0.3553754724545058
465,Brooklyn 14,Brooklyn,1998,0.33940839479675416
466,Brooklyn 14,Brooklyn,1999,0.33546934230388803
467,Brooklyn 14,Brooklyn,2000,0.33620013506628915
468,Brooklyn 14,Brooklyn,2001,0.35652252303028453
469,Brooklyn 14,Brooklyn,2002,0.3891227277584201
470,Brooklyn 14,Brooklyn,2003,0.4271350950041665
471,Brooklyn 14,Brooklyn,2004,0.419927271918628
472,Brooklyn 14,Brooklyn,2005,0.41445596368481125
473,Brooklyn 14,Brooklyn,2006,0.3990938593800598
474,Brooklyn 14,Brooklyn,2007,0.38292885296195217
475,Brooklyn 14,Brooklyn,2008,0.368832787359041
476,Brooklyn 14,Brooklyn,2009,0.364777140539405
477,Brooklyn 14,Brooklyn,2010,0.35440297764278245
478,Brooklyn 14,Brooklyn,2011,0.36910062858601356
479,Brooklyn 14,Brooklyn,2012,0.3586320349507047
480,Brooklyn 14,Brooklyn,2013,0.35389141655860923
481,Brooklyn 14,Brooklyn,2014,0.356795280405241
482,Brooklyn 14,Brooklyn,2015,0.3549514905043818
483,Brooklyn 14,Brooklyn,2016,0.3549699430934316
484,Brooklyn 14,Brooklyn,2017,0.36205139509905465
485,Brooklyn 14,Brooklyn,2018,0.36682983793133783
486,Brooklyn 15,Brooklyn,1992,0.5415128613600886
487,Brooklyn 15,Brooklyn,1993,0.5359517256125309
488,Brooklyn 15,Brooklyn,1994,0.4667367856484718
489,Brooklyn 15,Brooklyn,1995,0.3836400664817706
490,Brooklyn 15,Brooklyn,1996,0.3931985582348829
491,Brooklyn 15,Brooklyn,1997,0.3745232209290916
492,Brooklyn 15,Brooklyn,1998,0.3476978004469599
493,Brooklyn 15,Brooklyn,1999,0.3326326468366319
494,Brooklyn 15,Brooklyn,2000,0.33004447383030083
495,Brooklyn 15,Brooklyn,2001,0.33977026394055204
496,Brooklyn 15,Brooklyn,2002,0.3657549533753718
497,Brooklyn 15,Brooklyn,2003,0.39290211655772045
498,Brooklyn 15,Brooklyn,2004,0.3684098466111711
499,Brooklyn 15,Brooklyn,2005,0.35088717449378404
500,Brooklyn 15,Brooklyn,2006,0.34749978427815487
501,Brooklyn 15,Brooklyn,2007,0.34365270229951334
502,Brooklyn 15,Brooklyn,2008,0.33769632413481115
503,Brooklyn 15,Brooklyn,2009,0.33407472977333424
504,Brooklyn 15,Brooklyn,2010,0.3251237081114938
505,Brooklyn 15,Brooklyn,2011,0.3350002623070045
506,Brooklyn 15,Brooklyn,2012,0.34769683743803753
507,Brooklyn 15,Brooklyn,2013,0.3351586651564259
508,Brooklyn 15,Brooklyn,2014,0.3219585420157586
509,Brooklyn 15,Brooklyn,2015,0.3210295703198882
510,Brooklyn 15,Brooklyn,2016,0.32516950755195445
511,Brooklyn 15,Brooklyn,2017,0.3237101844528613
512,Brooklyn 15,Brooklyn,2018,0.32684026777021
513,Brooklyn 16,Brooklyn,1992,0.34288961490493275
514,Brooklyn 16,Brooklyn,1993,0.32362330792610844
515,Brooklyn 16,Brooklyn,1994,0.32224515261137404
516,Brooklyn 16,Brooklyn,1995,0.3150817891868943
517,Brooklyn 16,Brooklyn,1996,0.32456882561905775
518,Brooklyn 16,Brooklyn,1997,0.3143458934604739
519,Brooklyn 16,Brooklyn,1998,0.3142580574847252
520,Brooklyn 16,Brooklyn,1999,0.31345633226416947
521,Brooklyn 16,Brooklyn,2000,0.31485886364435284
522,Brooklyn 16,Brooklyn,2001,0.32619000336727505
523,Brooklyn 16,Brooklyn,2002,0.34648527737917934
524,Brooklyn 16,Brooklyn,2003,0.35936556926742524
525,Brooklyn 16,Brooklyn,2004,0.3421051210789826
526,Brooklyn 16,Brooklyn,2005,0.32742988847748405
527,Brooklyn 16,Brooklyn,2006,0.3178511512942347
528,Brooklyn 16,Brooklyn,2007,0.3087130314392334
529,Brooklyn 16,Brooklyn,2008,0.2859733635016421
530,Brooklyn 16,Brooklyn,2009,0.2789627112281413
531,Brooklyn 16,Brooklyn,2010,0.26593537493639263
532,Brooklyn 16,Brooklyn,2011,0.2746740726294993
533,Brooklyn 16,Brooklyn,2012,0.26241332209639173
534,Brooklyn 16,Brooklyn,2013,0.2547404575099375
535,Brooklyn 16,Brooklyn,2014,0.2592825249075842
536,Brooklyn 16,Brooklyn,2015,0.2584668125245403
537,Brooklyn 16,Brooklyn,2016,0.2663338055581986
538,Brooklyn 16,Brooklyn,2017,0.27776812713745674
539,Brooklyn 16,Brooklyn,2018,0.28999154083926426
540,Brooklyn 17,Brooklyn,1992,0.44985911399868495
541,Brooklyn 17,Brooklyn,1993,0.40968206657030204
542,Brooklyn 17,Brooklyn,1994,0.3960614743169012
543,Brooklyn 17,Brooklyn,1995,0.36828669009197246
544,Brooklyn 17,Brooklyn,1996,0.3771577875329035
545,Brooklyn 17,Brooklyn,1997,0.3626789219526909
546,Brooklyn 17,Brooklyn,1998,0.3435456819324941
547,Brooklyn 17,Brooklyn,1999,0.33269012052125857
548,Brooklyn 17,Brooklyn,2000,0.33099189758254755
549,Brooklyn 17,Brooklyn,2001,0.3464674078633795
550,Brooklyn 17,Brooklyn,2002,0.37988969837042363
551,Brooklyn 17,Brooklyn,2003,0.41195368569791285
552,Brooklyn 17,Brooklyn,2004,0.3929191492632429
553,Brooklyn 17,Brooklyn,2005,0.38171975466875874
554,Brooklyn 17,Brooklyn,2006,0.37273185285793475
555,Brooklyn 17,Brooklyn,2007,0.359584418420003
556,Brooklyn 17,Brooklyn,2008,0.3438109504212682
557,Brooklyn 17,Brooklyn,2009,0.3430693957919804
558,Brooklyn 17,Brooklyn,2010,0.3329599618684461
559,Brooklyn 17,Brooklyn,2011,0.34485002933967573
560,Brooklyn 17,Brooklyn,2012,0.3287478939526309
561,Brooklyn 17,Brooklyn,2013,0.32885917596078745
562,Brooklyn 17,Brooklyn,2014,0.3295706259585954
563,Brooklyn 17,Brooklyn,2015,0.3320611005337523
564,Brooklyn 17,Brooklyn,2016,0.33678260250159264
565,Brooklyn 17,Brooklyn,2017,0.3416350863330924
566,Brooklyn 17,Brooklyn,2018,0.3530607560204707
567,Brooklyn 18,Brooklyn,1992,0.4134376624725
568,Brooklyn 18,Brooklyn,1993,0.4088130659335432
569,Brooklyn 18,Brooklyn,1994,0.39408751829664895
570,Brooklyn 18,Brooklyn,1995,0.38408905349660033
571,Brooklyn 18,Brooklyn,1996,0.3994251263164822
572,Brooklyn 18,Brooklyn,1997,0.3761352107329225
573,Brooklyn 18,Brooklyn,1998,0.34587919574395026
574,Brooklyn 18,Brooklyn,1999,0.3337515721425785
575,Brooklyn 18,Brooklyn,2000,0.3251036459751455
576,Brooklyn 18,Brooklyn,2001,0.33779291882962237
577,Brooklyn 18,Brooklyn,2002,0.36918261671406616
578,Brooklyn 18,Brooklyn,2003,0.4028845777397945
579,Brooklyn 18,Brooklyn,2004,0.38743541559126904
580,Brooklyn 18,Brooklyn,2005,0.3661450940989571
581,Brooklyn 18,Brooklyn,2006,0.3594909600416862
582,Brooklyn 18,Brooklyn,2007,0.3531932983034962
583,Brooklyn 18,Brooklyn,2008,0.3365581021846588
584,Brooklyn 18,Brooklyn,2009,0.3336220944928608
585,Brooklyn 18,Brooklyn,2010,0.3224549583296736
586,Brooklyn 18,Brooklyn,2011,0.3401401096321856
587,Brooklyn 18,Brooklyn,2012,0.34548553641353513
588,Brooklyn 18,Brooklyn,2013,0.3308085124565466
589,Brooklyn 18,Brooklyn,2014,0.32225305443070357
590,Brooklyn 18,Brooklyn,2015,0.32081187260888056
591,Brooklyn 18,Brooklyn,2016,0.32577277138294897
592,Brooklyn 18,Brooklyn,2017,0.3298408247722433
593,Brooklyn 18,Brooklyn,2018,0.3391416459107173
594,Brooklyn 2,Brooklyn,1992,0.3733594698536615
595,Brooklyn 2,Brooklyn,1993,0.33393163441697077
596,Brooklyn 2,Brooklyn,1994,0.3316711170657084
597,Brooklyn 2,Brooklyn,1995,0.2955668811560356
598,Brooklyn 2,Brooklyn,1996,0.3070033938968695
599,Brooklyn 2,Brooklyn,1997,0.291115303823803
600,Brooklyn 2,Brooklyn,1998,0.2785167093712192
601,Brooklyn 2,Brooklyn,1999,0.2717522818149244
602,Brooklyn 2,Brooklyn,2000,0.27021192455891296
603,Brooklyn 2,Brooklyn,2001,0.27768969169760094
604,Brooklyn 2,Brooklyn,2002,0.30147585196558235
605,Brooklyn 2,Brooklyn,2003,0.3252591967636049
606,Brooklyn 2,Brooklyn,2004,0.2942641365163196
607,Brooklyn 2,Brooklyn,2005,0.2777954287419661
608,Brooklyn 2,Brooklyn,2006,0.2737691160761402
609,Brooklyn 2,Brooklyn,2007,0.27387133474878766
610,Brooklyn 2,Brooklyn,2008,0.2662625890835662
611,Brooklyn 2,Brooklyn,2009,0.26225756966166747
612,Brooklyn 2,Brooklyn,2010,0.260593071463706
613,Brooklyn 2,Brooklyn,2011,0.2762760914874025
614,Brooklyn 2,Brooklyn,2012,0.27707630690131074
615,Brooklyn 2,Brooklyn,2013,0.2747702643943798
616,Brooklyn 2,Brooklyn,2014,0.2803074436942457
617,Brooklyn 2,Brooklyn,2015,0.27813451238368964
618,Brooklyn 2,Brooklyn,2016,0.2760640265410407
619,Brooklyn 2,Brooklyn,2017,0.2799617716412837
620,Brooklyn 2,Brooklyn,2018,0.2875712590981643
621,Brooklyn 3,Brooklyn,1992,0.40563301305892824
622,Brooklyn 3,Brooklyn,1993,0.3845199997555129
623,Brooklyn 3,Brooklyn,1994,0.3908914074482472
624,Brooklyn 3,Brooklyn,1995,0.3824106292201001
625,Brooklyn 3,Brooklyn,1996,0.39274648141936985
626,Brooklyn 3,Brooklyn,1997,0.3870766388400736
627,Brooklyn 3,Brooklyn,1998,0.3690663854586172
628,Brooklyn 3,Brooklyn,1999,0.3581388808408853
629,Brooklyn 3,Brooklyn,2000,0.36594145982052867
630,Brooklyn 3,Brooklyn,2001,0.3800102382656235
631,Brooklyn 3,Brooklyn,2002,0.3824715257482414
632,Brooklyn 3,Brooklyn,2003,0.3962581669308738
633,Brooklyn 3,Brooklyn,2004,0.3799670229504496
634,Brooklyn 3,Brooklyn,2005,0.3638356107392767
635,Brooklyn 3,Brooklyn,2006,0.36069369949236746
636,Brooklyn 3,Brooklyn,2007,0.34023247672837753
637,Brooklyn 3,Brooklyn,2008,0.3245822850541382
638,Brooklyn 3,Brooklyn,2009,0.3217136553325188
639,Brooklyn 3,Brooklyn,2010,0.31028793672582283
640,Brooklyn 3,Brooklyn,2011,0.3263347343513799
641,Brooklyn 3,Brooklyn,2012,0.3102610641089708
642,Brooklyn 3,Brooklyn,2013,0.3027004088211357
643,Brooklyn 3,Brooklyn,2014,0.29492348062102086
644,Brooklyn 3,Brooklyn,2015,0.288112114427493
645,Brooklyn 3,Brooklyn,2016,0.28927667544057756
646,Brooklyn 3,Brooklyn,2017,0.2969412886340177
647,Brooklyn 3,Brooklyn,2018,0.30523253859563004
648,Brooklyn 4,Brooklyn,1992,0.40020386446139367
649,Brooklyn 4,Brooklyn,1993,0.3609376446954417
650,Brooklyn 4,Brooklyn,1994,0.3658662120476537
651,Brooklyn 4,Brooklyn,1995,0.3598620622987188
652,Brooklyn 4,Brooklyn,1996,0.364514439538545
653,Brooklyn 4,Brooklyn,1997,0.35387805286998425
654,Brooklyn 4,Brooklyn,1998,0.34181478508659446
655,Brooklyn 4,Brooklyn,1999,0.3366122229368841
656,Brooklyn 4,Brooklyn,2000,0.3464842177887656
657,Brooklyn 4,Brooklyn,2001,0.3641293834870993
658,Brooklyn 4,Brooklyn,2002,0.4050633474408346
659,Brooklyn 4,Brooklyn,2003,0.4359952157075814
660,Brooklyn 4,Brooklyn,2004,0.4159534903404079
661,Brooklyn 4,Brooklyn,2005,0.40286345593483314
662,Brooklyn 4,Brooklyn,2006,0.39119343380481714
663,Brooklyn 4,Brooklyn,2007,0.3819676078155239
664,Brooklyn 4,Brooklyn,2008,0.36154661147011613
665,Brooklyn 4,Brooklyn,2009,0.35437246860163873
666,Brooklyn 4,Brooklyn,2010,0.3436173801871549
667,Brooklyn 4,Brooklyn,2011,0.35429037685901077
668,Brooklyn 4,Brooklyn,2012,0.33351937182892977
669,Brooklyn 4,Brooklyn,2013,0.32215041069560624
670,Brooklyn 4,Brooklyn,2014,0.3098266195743023
671,Brooklyn 4,Brooklyn,2015,0.29645824838215085
672,Brooklyn 4,Brooklyn,2016,0.292627160074273
673,Brooklyn 4,Brooklyn,2017,0.29604789659014263
674,Brooklyn 4,Brooklyn,2018,0.2958448836571627
675,Brooklyn 5,Brooklyn,1992,0.3856150566765096
676,Brooklyn 5,Brooklyn,1993,0.34393462182491913
677,Brooklyn 5,Brooklyn,1994,0.34417318076286296
678,Brooklyn 5,Brooklyn,1995,0.34064374600171454
679,Brooklyn 5,Brooklyn,1996,0.3519594994475389
680,Brooklyn 5,Brooklyn,1997,0.3374572646396162
681,Brooklyn 5,Brooklyn,1998,0.3139794089492149
682,Brooklyn 5,Brooklyn,1999,0.30183358755427875
683,Brooklyn 5,Brooklyn,2000,0.3037425374426956
684,Brooklyn 5,Brooklyn,2001,0.31738642988493376
685,Brooklyn 5,Brooklyn,2002,0.34697140271965243
686,Brooklyn 5,Brooklyn,2003,0.3600683498207453
687,Brooklyn 5,Brooklyn,2004,0.3373072534357772
688,Brooklyn 5,Brooklyn,2005,0.3275596989879933
689,Brooklyn 5,Brooklyn,2006,0.3209000299091937
690,Brooklyn 5,Brooklyn,2007,0.3087533121498783
691,Brooklyn 5,Brooklyn,2008,0.2943945545327575
692,Brooklyn 5,Brooklyn,2009,0.2933500298246869
693,Brooklyn 5,Brooklyn,2010,0.2807721327967807
694,Brooklyn 5,Brooklyn,2011,0.29192796383771064
695,Brooklyn 5,Brooklyn,2012,0.27371925488030724
696,Brooklyn 5,Brooklyn,2013,0.2704460608433698
697,Brooklyn 5,Brooklyn,2014,0.27180194348696757
698,Brooklyn 5,Brooklyn,2015,0.2711781367839731
699,Brooklyn 5,Brooklyn,2016,0.2761846983246724
700,Brooklyn 5,Brooklyn,2017,0.2812514047232425
701,Brooklyn 5,Brooklyn,2018,0.2830502236988216
702,Brooklyn 6,Brooklyn,1992,0.37800500645055773
703,Brooklyn 6,Brooklyn,1993,0.3588650720483425
704,Brooklyn 6,Brooklyn,1994,0.3699861716749622
705,Brooklyn 6,Brooklyn,1995,0.3553763133211605
706,Brooklyn 6,Brooklyn,1996,0.35376945640616286
707,Brooklyn 6,Brooklyn,1997,0.3425963131558948
708,Brooklyn 6,Brooklyn,1998,0.3362820595144713
709,Brooklyn 6,Brooklyn,1999,0.3239562142755391
710,Brooklyn 6,Brooklyn,2000,0.30607376938897113
711,Brooklyn 6,Brooklyn,2001,0.29959632790254315
712,Brooklyn 6,Brooklyn,2002,0.3109498855159196
713,Brooklyn 6,Brooklyn,2003,0.33411055048470756
714,Brooklyn 6,Brooklyn,2004,0.3039590756591306
715,Brooklyn 6,Brooklyn,2005,0.29076113883859994
716,Brooklyn 6,Brooklyn,2006,0.2879684185486335
717,Brooklyn 6,Brooklyn,2007,0.2800335820187085
718,Brooklyn 6,Brooklyn,2008,0.2671109078940313
719,Brooklyn 6,Brooklyn,2009,0.2609859859968997
720,Brooklyn 6,Brooklyn,2010,0.25593597494007203
721,Brooklyn 6,Brooklyn,2011,0.2660828906984145
722,Brooklyn 6,Brooklyn,2012,0.25710707552058953
723,Brooklyn 6,Brooklyn,2013,0.2536683057181628
724,Brooklyn 6,Brooklyn,2014,0.24628375560033683
725,Brooklyn 6,Brooklyn,2015,0.23685875879698134
726,Brooklyn 6,Brooklyn,2016,0.22234427282740968
727,Brooklyn 6,Brooklyn,2017,0.22745091548925625
728,Brooklyn 6,Brooklyn,2018,0.23861117197176826
729,Brooklyn 7,Brooklyn,1992,0.43022669883245007
730,Brooklyn 7,Brooklyn,1993,0.3704569840226165
731,Brooklyn 7,Brooklyn,1994,0.36052848568940643
732,Brooklyn 7,Brooklyn,1995,0.3615673448347212
733,Brooklyn 7,Brooklyn,1996,0.36983088134143755
734,Brooklyn 7,Brooklyn,1997,0.3564586036379195
735,Brooklyn 7,Brooklyn,1998,0.33439143990166387
736,Brooklyn 7,Brooklyn,1999,0.3196768006059385
737,Brooklyn 7,Brooklyn,2000,0.3158816621273831
738,Brooklyn 7,Brooklyn,2001,0.3220368550589589
739,Brooklyn 7,Brooklyn,2002,0.3522758255255151
740,Brooklyn 7,Brooklyn,2003,0.38780329905402083
741,Brooklyn 7,Brooklyn,2004,0.360206274479812
742,Brooklyn 7,Brooklyn,2005,0.3480889320620637
743,Brooklyn 7,Brooklyn,2006,0.33857456233633937
744,Brooklyn 7,Brooklyn,2007,0.334567046531452
745,Brooklyn 7,Brooklyn,2008,0.32332530538312476
746,Brooklyn 7,Brooklyn,2009,0.3197213554942019
747,Brooklyn 7,Brooklyn,2010,0.3119749663313
748,Brooklyn 7,Brooklyn,2011,0.3227532415865154
749,Brooklyn 7,Brooklyn,2012,0.3085649066393479
750,Brooklyn 7,Brooklyn,2013,0.30361836298716743
751,Brooklyn 7,Brooklyn,2014,0.2956528744239806
752,Brooklyn 7,Brooklyn,2015,0.2939635157955727
753,Brooklyn 7,Brooklyn,2016,0.2955166038725845
754,Brooklyn 7,Brooklyn,2017,0.2945563149365355
755,Brooklyn 7,Brooklyn,2018,0.2916588731821719
756,Brooklyn 8,Brooklyn,1992,0.42251597911341393
757,Brooklyn 8,Brooklyn,1993,0.38595644961885855
758,Brooklyn 8,Brooklyn,1994,0.3816161239829056
759,Brooklyn 8,Brooklyn,1995,0.3727274149220679
760,Brooklyn 8,Brooklyn,1996,0.3798796472960865
761,Brooklyn 8,Brooklyn,1997,0.37065696508759827
762,Brooklyn 8,Brooklyn,1998,0.3617134685346329
763,Brooklyn 8,Brooklyn,1999,0.3479909497204822
764,Brooklyn 8,Brooklyn,2000,0.34986052708272614
765,Brooklyn 8,Brooklyn,2001,0.36570810507821355
766,Brooklyn 8,Brooklyn,2002,0.39671540711240244
767,Brooklyn 8,Brooklyn,2003,0.4198952063171645
768,Brooklyn 8,Brooklyn,2004,0.40233821652711454
769,Brooklyn 8,Brooklyn,2005,0.3958951977317812
770,Brooklyn 8,Brooklyn,2006,0.3831854249165997
771,Brooklyn 8,Brooklyn,2007,0.3631797254337449
772,Brooklyn 8,Brooklyn,2008,0.34732617667942717
773,Brooklyn 8,Brooklyn,2009,0.3433840806919907
774,Brooklyn 8,Brooklyn,2010,0.33762368013953925
775,Brooklyn 8,Brooklyn,2011,0.3507534801244517
776,Brooklyn 8,Brooklyn,2012,0.33475590397333654
777,Brooklyn 8,Brooklyn,2013,0.3268248591879138
778,Brooklyn 8,Brooklyn,2014,0.32193999948235713
779,Brooklyn 8,Brooklyn,2015,0.31805790735406286
780,Brooklyn 8,Brooklyn,2016,0.31254357230070096
781,Brooklyn 8,Brooklyn,2017,0.3148543725178905
782,Brooklyn 8,Brooklyn,2018,0.3298436083748893
783,Brooklyn 9,Brooklyn,1992,0.40475863939747636
784,Brooklyn 9,Brooklyn,1993,0.3686775531706201
785,Brooklyn 9,Brooklyn,1994,0.3677909883714952
786,Brooklyn 9,Brooklyn,1995,0.3621995672140808
787,Brooklyn 9,Brooklyn,1996,0.3696721203656081
788,Brooklyn 9,Brooklyn,1997,0.3616367314513307
789,Brooklyn 9,Brooklyn,1998,0.3512460196247289
790,Brooklyn 9,Brooklyn,1999,0.3512986189910362
791,Brooklyn 9,Brooklyn,2000,0.3587122887303632
792,Brooklyn 9,Brooklyn,2001,0.372981406817407
793,Brooklyn 9,Brooklyn,2002,0.402574627800912
794,Brooklyn 9,Brooklyn,2003,0.4355606930298216
795,Brooklyn 9,Brooklyn,2004,0.4298488012906584
796,Brooklyn 9,Brooklyn,2005,0.4241960833962421
797,Brooklyn 9,Brooklyn,2006,0.4165036126610108
798,Brooklyn 9,Brooklyn,2007,0.40783542411032764
799,Brooklyn 9,Brooklyn,2008,0.39497031003004246
800,Brooklyn 9,Brooklyn,2009,0.3870844739387754
801,Brooklyn 9,Brooklyn,2010,0.3805311442765852
802,Brooklyn 9,Brooklyn,2011,0.3915957419474558
803,Brooklyn 9,Brooklyn,2012,0.37829214113938325
804,Brooklyn 9,Brooklyn,2013,0.37338515196680816
805,Brooklyn 9,Brooklyn,2014,0.3695540572311286
806,Brooklyn 9,Brooklyn,2015,0.3642566624730199
807,Brooklyn 9,Brooklyn,2016,0.3624718150353985
808,Brooklyn 9,Brooklyn,2017,0.37525204536564116
809,Brooklyn 9,Brooklyn,2018,0.3783132250818747
810,Manhattan 1,Manhattan,1992,0.3085705732576338
811,Manhattan 1,Manhattan,1993,0.2723244588626708
812,Manhattan 1,Manhattan,1994,0.2714296842908477
813,Manhattan 1,Manhattan,1995,0.2574695066480447
814,Manhattan 1,Manhattan,1996,0.2536083958728844
815,Manhattan 1,Manhattan,1997,0.2389920777220029
816,Manhattan 1,Manhattan,1998,0.24918858193779683
817,Manhattan 1,Manhattan,1999,0.2735017146610188
818,Manhattan 1,Manhattan,2000,0.3076321905868681
819,Manhattan 1,Manhattan,2001,0.29709550964386655
820,Manhattan 1,Manhattan,2002,0.314303556040315
821,Manhattan 1,Manhattan,2003,0.34137380683782836
822,Manhattan 1,Manhattan,2004,0.318421048906999
823,Manhattan 1,Manhattan,2005,0.30007164112868184
824,Manhattan 1,Manhattan,2006,0.2705623771136315
825,Manhattan 1,Manhattan,2007,0.25545043626549546
826,Manhattan 1,Manhattan,2008,0.2332612157562645
827,Manhattan 1,Manhattan,2009,0.23072027955387306
828,Manhattan 1,Manhattan,2010,0.2294844042113549
829,Manhattan 1,Manhattan,2011,0.22823980696600746
830,Manhattan 1,Manhattan,2012,0.22299291254690806
831,Manhattan 1,Manhattan,2013,0.21928146362587161
832,Manhattan 1,Manhattan,2014,0.2153748787993059
833,Manhattan 1,Manhattan,2015,0.2079595425849064
834,Manhattan 1,Manhattan,2016,0.20300481598398584
835,Manhattan 1,Manhattan,2017,0.20361703518740484
836,Manhattan 1,Manhattan,2018,0.2003410620904018
837,Manhattan 10,Manhattan,1992,0.3854363777206668
838,Manhattan 10,Manhattan,1993,0.3654040170803961
839,Manhattan 10,Manhattan,1994,0.3810266004780675
840,Manhattan 10,Manhattan,1995,0.3692458862542648
841,Manhattan 10,Manhattan,1996,0.36872663711228776
842,Manhattan 10,Manhattan,1997,0.358259975707237
843,Manhattan 10,Manhattan,1998,0.3466521905489167
844,Manhattan 10,Manhattan,1999,0.33408579393735816
845,Manhattan 10,Manhattan,2000,0.32446759842776984
846,Manhattan 10,Manhattan,2001,0.3326956205781738
847,Manhattan 10,Manhattan,2002,0.34488368175048717
848,Manhattan 10,Manhattan,2003,0.34375087491823797
849,Manhattan 10,Manhattan,2004,0.3352684580492279
850,Manhattan 10,Manhattan,2005,0.3281084657107736
851,Manhattan 10,Manhattan,2006,0.31495184115995695
852,Manhattan 10,Manhattan,2007,0.30915857061510343
853,Manhattan 10,Manhattan,2008,0.3008289345665019
854,Manhattan 10,Manhattan,2009,0.30170057422169316
855,Manhattan 10,Manhattan,2010,0.2927075862188156
856,Manhattan 10,Manhattan,2011,0.2993534756501139
857,Manhattan 10,Manhattan,2012,0.28245716554782796
858,Manhattan 10,Manhattan,2013,0.2807373553599404
859,Manhattan 10,Manhattan,2014,0.2767874905811814
860,Manhattan 10,Manhattan,2015,0.2714734055702048
861,Manhattan 10,Manhattan,2016,0.2705538234138993
862,Manhattan 10,Manhattan,2017,0.2721000449353049
863,Manhattan 10,Manhattan,2018,0.2725906346678221
864,Manhattan 11,Manhattan,1992,0.34372270056187687
865,Manhattan 11,Manhattan,1993,0.3381165989381624
866,Manhattan 11,Manhattan,1994,0.35387332731518684
867,Manhattan 11,Manhattan,1995,0.3329773707962447
868,Manhattan 11,Manhattan,1996,0.3342116445420936
869,Manhattan 11,Manhattan,1997,0.3259416797764297
870,Manhattan 11,Manhattan,1998,0.32187505918844916
871,Manhattan 11,Manhattan,1999,0.2916848936507322
872,Manhattan 11,Manhattan,2000,0.28782602787426853
873,Manhattan 11,Manhattan,2001,0.293179034470344
874,Manhattan 11,Manhattan,2002,0.3008078078014834
875,Manhattan 11,Manhattan,2003,0.2798906758413547
876,Manhattan 11,Manhattan,2004,0.25990794158862085
877,Manhattan 11,Manhattan,2005,0.2584720137414881
878,Manhattan 11,Manhattan,2006,0.25616462667824985
879,Manhattan 11,Manhattan,2007,0.23808864086229514
880,Manhattan 11,Manhattan,2008,0.22498756042489865
881,Manhattan 11,Manhattan,2009,0.2222160274878648
882,Manhattan 11,Manhattan,2010,0.21234244176880118
883,Manhattan 11,Manhattan,2011,0.22245466674742673
884,Manhattan 11,Manhattan,2012,0.21776791338520704
885,Manhattan 11,Manhattan,2013,0.21595438269664707
886,Manhattan 11,Manhattan,2014,0.21231932872034637
887,Manhattan 11,Manhattan,2015,0.2134792952710739
888,Manhattan 11,Manhattan,2016,0.21635032400349666
889,Manhattan 11,Manhattan,2017,0.2180450286043342
890,Manhattan 11,Manhattan,2018,0.22174564847293024
891,Manhattan 12,Manhattan,1992,0.3877795231390434
892,Manhattan 12,Manhattan,1993,0.35542100500815593
893,Manhattan 12,Manhattan,1994,0.3711372226941481
894,Manhattan 12,Manhattan,1995,0.36427568319091647
895,Manhattan 12,Manhattan,1996,0.36373698888764877
896,Manhattan 12,Manhattan,1997,0.3461305823380371
897,Manhattan 12,Manhattan,1998,0.33638898074373497
898,Manhattan 12,Manhattan,1999,0.33233451987246976
899,Manhattan 12,Manhattan,2000,0.3336455324498354
900,Manhattan 12,Manhattan,2001,0.3488857170716194
901,Manhattan 12,Manhattan,2002,0.37572781050803017
902,Manhattan 12,Manhattan,2003,0.3919484297162476
903,Manhattan 12,Manhattan,2004,0.36990505632372284
904,Manhattan 12,Manhattan,2005,0.36764800317906543
905,Manhattan 12,Manhattan,2006,0.3567223065696968
906,Manhattan 12,Manhattan,2007,0.35145166726026444
907,Manhattan 12,Manhattan,2008,0.34279242492112333
908,Manhattan 12,Manhattan,2009,0.33639995350764484
909,Manhattan 12,Manhattan,2010,0.3292527102410273
910,Manhattan 12,Manhattan,2011,0.33876604036239677
911,Manhattan 12,Manhattan,2012,0.3227753101996748
912,Manhattan 12,Manhattan,2013,0.318021882664411
913,Manhattan 12,Manhattan,2014,0.321557494645956
914,Manhattan 12,Manhattan,2015,0.31404269651425404
915,Manhattan 12,Manhattan,2016,0.32045067995913906
916,Manhattan 12,Manhattan,2017,0.32559654399927457
917,Manhattan 12,Manhattan,2018,0.33048706230751507
918,Manhattan 2,Manhattan,1992,0.36125069377217256
919,Manhattan 2,Manhattan,1993,0.34939869359542736
920,Manhattan 2,Manhattan,1994,0.3507946938265164
921,Manhattan 2,Manhattan,1995,0.3505789732497639
922,Manhattan 2,Manhattan,1996,0.35563563573486495
923,Manhattan 2,Manhattan,1997,0.33028372596877237
924,Manhattan 2,Manhattan,1998,0.3105517145372916
925,Manhattan 2,Manhattan,1999,0.3071746084216844
926,Manhattan 2,Manhattan,2000,0.309890570130693
927,Manhattan 2,Manhattan,2001,0.30961169842073455
928,Manhattan 2,Manhattan,2002,0.3362959256489921
929,Manhattan 2,Manhattan,2003,0.3670279902981188
930,Manhattan 2,Manhattan,2004,0.33964314351370256
931,Manhattan 2,Manhattan,2005,0.3272091334144649
932,Manhattan 2,Manhattan,2006,0.32856009066851005
933,Manhattan 2,Manhattan,2007,0.33015065566173396
934,Manhattan 2,Manhattan,2008,0.31255602849020303
935,Manhattan 2,Manhattan,2009,0.2953353897402046
936,Manhattan 2,Manhattan,2010,0.2855858958407394
937,Manhattan 2,Manhattan,2011,0.29774894849760664
938,Manhattan 2,Manhattan,2012,0.28693987264566995
939,Manhattan 2,Manhattan,2013,0.27590778788269704
940,Manhattan 2,Manhattan,2014,0.2729556043873111
941,Manhattan 2,Manhattan,2015,0.2671340320339836
942,Manhattan 2,Manhattan,2016,0.2654982152523538
943,Manhattan 2,Manhattan,2017,0.2656853141470272
944,Manhattan 2,Manhattan,2018,0.2691573602207219
945,Manhattan 3,Manhattan,1992,0.28274397414460617
946,Manhattan 3,Manhattan,1993,0.26364632722281106
947,Manhattan 3,Manhattan,1994,0.2731702213141057
948,Manhattan 3,Manhattan,1995,0.26376137565325497
949,Manhattan 3,Manhattan,1996,0.26749481048152085
950,Manhattan 3,Manhattan,1997,0.26239034505472053
951,Manhattan 3,Manhattan,1998,0.2658407279302161
952,Manhattan 3,Manhattan,1999,0.2657701908779389
953,Manhattan 3,Manhattan,2000,0.26637673578375615
954,Manhattan 3,Manhattan,2001,0.2691162341076079
955,Manhattan 3,Manhattan,2002,0.2643604315153318
956,Manhattan 3,Manhattan,2003,0.2610284979735282
957,Manhattan 3,Manhattan,2004,0.23953921858954472
958,Manhattan 3,Manhattan,2005,0.23184218923574232
959,Manhattan 3,Manhattan,2006,0.23023010949643086
960,Manhattan 3,Manhattan,2007,0.23316189571263257
961,Manhattan 3,Manhattan,2008,0.22364535758794202
962,Manhattan 3,Manhattan,2009,0.21804040796526858
963,Manhattan 3,Manhattan,2010,0.21717449487680443
964,Manhattan 3,Manhattan,2011,0.22848245260949185
965,Manhattan 3,Manhattan,2012,0.2229292779730157
966,Manhattan 3,Manhattan,2013,0.21800459249963267
967,Manhattan 3,Manhattan,2014,0.2160486634517759
968,Manhattan 3,Manhattan,2015,0.21435216298765378
969,Manhattan 3,Manhattan,2016,0.21259713397457122
970,Manhattan 3,Manhattan,2017,0.21561755458279488
971,Manhattan 3,Manhattan,2018,0.22048104117879586
972,Manhattan 4,Manhattan,1992,0.2730250009526911
973,Manhattan 4,Manhattan,1993,0.2432870170939887
974,Manhattan 4,Manhattan,1994,0.2527714417961268
975,Manhattan 4,Manhattan,1995,0.2573238133685148
976,Manhattan 4,Manhattan,1996,0.3196524909020738
977,Manhattan 4,Manhattan,1997,0.3142963631310186
978,Manhattan 4,Manhattan,1998,0.3131222482867668
979,Manhattan 4,Manhattan,1999,0.32014616189561057
980,Manhattan 4,Manhattan,2000,0.2858891848329313
981,Manhattan 4,Manhattan,2001,0.28706014703592003
982,Manhattan 4,Manhattan,2002,0.3026622349274154
983,Manhattan 4,Manhattan,2003,0.32557016174377934
984,Manhattan 4,Manhattan,2004,0.3025716893402017
985,Manhattan 4,Manhattan,2005,0.2805739598846649
986,Manhattan 4,Manhattan,2006,0.2772444912810862
987,Manhattan 4,Manhattan,2007,0.269659887886476
988,Manhattan 4,Manhattan,2008,0.25618048815079103
989,Manhattan 4,Manhattan,2009,0.24755843135224465
990,Manhattan 4,Manhattan,2010,0.2462133759504092
991,Manhattan 4,Manhattan,2011,0.25448279920492645
992,Manhattan 4,Manhattan,2012,0.24739841393121084
993,Manhattan 4,Manhattan,2013,0.24654944640966925
994,Manhattan 4,Manhattan,2014,0.24728285709546574
995,Manhattan 4,Manhattan,2015,0.23979497732978713
996,Manhattan 4,Manhattan,2016,0.2392855211241349
997,Manhattan 4,Manhattan,2017,0.2432992695473317
998,Manhattan 4,Manhattan,2018,0.24835127813532895
999,Manhattan 5,Manhattan,1992,0.36822350248286784
1000,Manhattan 5,Manhattan,1993,0.3306141591514557
1001,Manhattan 5,Manhattan,1994,0.34634256732823365
1002,Manhattan 5,Manhattan,1995,0.3406934626046383
1003,Manhattan 5,Manhattan,1996,0.35112871626726627
1004,Manhattan 5,Manhattan,1997,0.35299248331456295
1005,Manhattan 5,Manhattan,1998,0.3557612362826024
1006,Manhattan 5,Manhattan,1999,0.354591444612808
1007,Manhattan 5,Manhattan,2000,0.36429771963296076
1008,Manhattan 5,Manhattan,2001,0.36128832031676766
1009,Manhattan 5,Manhattan,2002,0.3856371113360379
1010,Manhattan 5,Manhattan,2003,0.4088818304458886
1011,Manhattan 5,Manhattan,2004,0.3930320370690774
1012,Manhattan 5,Manhattan,2005,0.3826009954230769
1013,Manhattan 5,Manhattan,2006,0.3688112431124102
1014,Manhattan 5,Manhattan,2007,0.3567893935152109
1015,Manhattan 5,Manhattan,2008,0.3409527029479198
1016,Manhattan 5,Manhattan,2009,0.32003739508136214
1017,Manhattan 5,Manhattan,2010,0.30346602674510864
1018,Manhattan 5,Manhattan,2011,0.3052862267215998
1019,Manhattan 5,Manhattan,2012,0.2920456391427173
1020,Manhattan 5,Manhattan,2013,0.2851658329219249
1021,Manhattan 5,Manhattan,2014,0.27904679150778733
1022,Manhattan 5,Manhattan,2015,0.2721704544043203
1023,Manhattan 5,Manhattan,2016,0.27592249939978397
1024,Manhattan 5,Manhattan,2017,0.2753365821048842
1025,Manhattan 5,Manhattan,2018,0.2740194572708164
1026,Manhattan 6,Manhattan,1992,0.33877293943803055
1027,Manhattan 6,Manhattan,1993,0.3002491685429268
1028,Manhattan 6,Manhattan,1994,0.30795060906782484
1029,Manhattan 6,Manhattan,1995,0.3068558334014253
1030,Manhattan 6,Manhattan,1996,0.3162967187954987
1031,Manhattan 6,Manhattan,1997,0.31161784894094624
1032,Manhattan 6,Manhattan,1998,0.3103341862889222
1033,Manhattan 6,Manhattan,1999,0.31136120334442347
1034,Manhattan 6,Manhattan,2000,0.3113299841353781
1035,Manhattan 6,Manhattan,2001,0.3069909274924058
1036,Manhattan 6,Manhattan,2002,0.3346276121859452
1037,Manhattan 6,Manhattan,2003,0.3602880455880808
1038,Manhattan 6,Manhattan,2004,0.3331025857695454
1039,Manhattan 6,Manhattan,2005,0.31836378753560063
1040,Manhattan 6,Manhattan,2006,0.3113488770314526
1041,Manhattan 6,Manhattan,2007,0.2974149447608042
1042,Manhattan 6,Manhattan,2008,0.2723031661795666
1043,Manhattan 6,Manhattan,2009,0.2560269148008343
1044,Manhattan 6,Manhattan,2010,0.24532417948089247
1045,Manhattan 6,Manhattan,2011,0.25265924294449815
1046,Manhattan 6,Manhattan,2012,0.2430578943438807
1047,Manhattan 6,Manhattan,2013,0.23863268920478234
1048,Manhattan 6,Manhattan,2014,0.23519259102832243
1049,Manhattan 6,Manhattan,2015,0.22927732952038332
1050,Manhattan 6,Manhattan,2016,0.22781866690076147
1051,Manhattan 6,Manhattan,2017,0.22924903345880035
1052,Manhattan 6,Manhattan,2018,0.2328707189471361
1053,Manhattan 7,Manhattan,1992,0.3352993807166497
1054,Manhattan 7,Manhattan,1993,0.3266836018258675
1055,Manhattan 7,Manhattan,1994,0.3346248823416077
1056,Manhattan 7,Manhattan,1995,0.33105965094409107
1057,Manhattan 7,Manhattan,1996,0.35015228408253646
1058,Manhattan 7,Manhattan,1997,0.35521200662566904
1059,Manhattan 7,Manhattan,1998,0.35283849557523483
1060,Manhattan 7,Manhattan,1999,0.3635496536942579
1061,Manhattan 7,Manhattan,2000,0.34208590315793524
1062,Manhattan 7,Manhattan,2001,0.3472226658015583
1063,Manhattan 7,Manhattan,2002,0.36658076534623873
1064,Manhattan 7,Manhattan,2003,0.3850418761273781
1065,Manhattan 7,Manhattan,2004,0.3557486982781933
1066,Manhattan 7,Manhattan,2005,0.34396478590733365
1067,Manhattan 7,Manhattan,2006,0.33980910047055357
1068,Manhattan 7,Manhattan,2007,0.3328180714599752
1069,Manhattan 7,Manhattan,2008,0.3179163440312866
1070,Manhattan 7,Manhattan,2009,0.30647815609354845
1071,Manhattan 7,Manhattan,2010,0.2982490290983528
1072,Manhattan 7,Manhattan,2011,0.30619090674599414
1073,Manhattan 7,Manhattan,2012,0.2939726663457435
1074,Manhattan 7,Manhattan,2013,0.2939944305320234
1075,Manhattan 7,Manhattan,2014,0.2892404560613283
1076,Manhattan 7,Manhattan,2015,0.2820617038620937
1077,Manhattan 7,Manhattan,2016,0.2792698917855567
1078,Manhattan 7,Manhattan,2017,0.2793209845131865
1079,Manhattan 7,Manhattan,2018,0.28093037967756523
1080,Manhattan 8,Manhattan,1992,0.3696633447267753
1081,Manhattan 8,Manhattan,1993,0.3388912275239326
1082,Manhattan 8,Manhattan,1994,0.3473636536813363
1083,Manhattan 8,Manhattan,1995,0.34668358395426097
1084,Manhattan 8,Manhattan,1996,0.35669535382935935
1085,Manhattan 8,Manhattan,1997,0.3468100433225237
1086,Manhattan 8,Manhattan,1998,0.3420846523585489
1087,Manhattan 8,Manhattan,1999,0.335887563872686
1088,Manhattan 8,Manhattan,2000,0.3378401662190239
1089,Manhattan 8,Manhattan,2001,0.3371509753351483
1090,Manhattan 8,Manhattan,2002,0.36332545578286063
1091,Manhattan 8,Manhattan,2003,0.39833934901358214
1092,Manhattan 8,Manhattan,2004,0.3749716043881502
1093,Manhattan 8,Manhattan,2005,0.36479540054944753
1094,Manhattan 8,Manhattan,2006,0.3574832072788322
1095,Manhattan 8,Manhattan,2007,0.35067407142952567
1096,Manhattan 8,Manhattan,2008,0.33120247431713623
1097,Manhattan 8,Manhattan,2009,0.31208457273400025
1098,Manhattan 8,Manhattan,2010,0.3038718624954529
1099,Manhattan 8,Manhattan,2011,0.31262622718403327
1100,Manhattan 8,Manhattan,2012,0.30022939387538455
1101,Manhattan 8,Manhattan,2013,0.29461369600914367
1102,Manhattan 8,Manhattan,2014,0.28715999962672695
1103,Manhattan 8,Manhattan,2015,0.28064006656382917
1104,Manhattan 8,Manhattan,2016,0.27722809689408556
1105,Manhattan 8,Manhattan,2017,0.28323999095331537
1106,Manhattan 8,Manhattan,2018,0.28207276463185504
1107,Manhattan 9,Manhattan,1992,0.3937356047384758
1108,Manhattan 9,Manhattan,1993,0.3561406091211615
1109,Manhattan 9,Manhattan,1994,0.3536290758549664
1110,Manhattan 9,Manhattan,1995,0.34547803578883596
1111,Manhattan 9,Manhattan,1996,0.3556916461445362
1112,Manhattan 9,Manhattan,1997,0.3384114325273509
1113,Manhattan 9,Manhattan,1998,0.3368471676614173
1114,Manhattan 9,Manhattan,1999,0.341864446902687
1115,Manhattan 9,Manhattan,2000,0.31227489169739714
1116,Manhattan 9,Manhattan,2001,0.32543058002552877
1117,Manhattan 9,Manhattan,2002,0.34318537054063986
1118,Manhattan 9,Manhattan,2003,0.35856192117260477
1119,Manhattan 9,Manhattan,2004,0.3452606270069975
1120,Manhattan 9,Manhattan,2005,0.3385220812128254
1121,Manhattan 9,Manhattan,2006,0.32877868626064777
1122,Manhattan 9,Manhattan,2007,0.31826137484757683
1123,Manhattan 9,Manhattan,2008,0.30268907973014414
1124,Manhattan 9,Manhattan,2009,0.29085114965224457
1125,Manhattan 9,Manhattan,2010,0.2862922327189567
1126,Manhattan 9,Manhattan,2011,0.28959016598914006
1127,Manhattan 9,Manhattan,2012,0.2722795103101039
1128,Manhattan 9,Manhattan,2013,0.2690011358585458
1129,Manhattan 9,Manhattan,2014,0.26542695483070866
1130,Manhattan 9,Manhattan,2015,0.25550085720671517
1131,Manhattan 9,Manhattan,2016,0.2566871573791931
1132,Manhattan 9,Manhattan,2017,0.2525402670072327
1133,Manhattan 9,Manhattan,2018,0.24967035595005263
1134,Queens 1,Queens,1992,0.3668130958885659
1135,Queens 1,Queens,1993,0.3506011109486319
1136,Queens 1,Queens,1994,0.32462243985905376
1137,Queens 1,Queens,1995,0.31840414120713434
1138,Queens 1,Queens,1996,0.32398691755036296
1139,Queens 1,Queens,1997,0.30868095081797575
1140,Queens 1,Queens,1998,0.28006038167501246
1141,Queens 1,Queens,1999,0.2725393585166605
1142,Queens 1,Queens,2000,0.26467948110974343
1143,Queens 1,Queens,2001,0.275549469043519
1144,Queens 1,Queens,2002,0.3001093774935828
1145,Queens 1,Queens,2003,0.31633724801584956
1146,Queens 1,Queens,2004,0.29432764527215893
1147,Queens 1,Queens,2005,0.29044897498227157
1148,Queens 1,Queens,2006,0.29227102829961893
1149,Queens 1,Queens,2007,0.2866202129605296
1150,Queens 1,Queens,2008,0.27686824268005433
1151,Queens 1,Queens,2009,0.27398602632911534
1152,Queens 1,Queens,2010,0.25502577117291536
1153,Queens 1,Queens,2011,0.26785445044841344
1154,Queens 1,Queens,2012,0.2585236835831095
1155,Queens 1,Queens,2013,0.2588166976477332
1156,Queens 1,Queens,2014,0.26110337626734725
1157,Queens 1,Queens,2015,0.2562583866783818
1158,Queens 1,Queens,2016,0.2540102679534309
1159,Queens 1,Queens,2017,0.25381461226894736
1160,Queens 1,Queens,2018,0.2636807392008899
1161,Queens 10,Queens,1992,0.5253030417947014
1162,Queens 10,Queens,1993,0.4859553507685617
1163,Queens 10,Queens,1994,0.4426255138219998
1164,Queens 10,Queens,1995,0.42611797899859244
1165,Queens 10,Queens,1996,0.4343265802618567
1166,Queens 10,Queens,1997,0.40515999183091017
1167,Queens 10,Queens,1998,0.3696357374104142
1168,Queens 10,Queens,1999,0.3558444834907628
1169,Queens 10,Queens,2000,0.346917673680406
1170,Queens 10,Queens,2001,0.3641398203836924
1171,Queens 10,Queens,2002,0.4040690858668465
1172,Queens 10,Queens,2003,0.4352828177972198
1173,Queens 10,Queens,2004,0.42116378709223656
1174,Queens 10,Queens,2005,0.40630047966796995
1175,Queens 10,Queens,2006,0.40395762779470834
1176,Queens 10,Queens,2007,0.3851144658306392
1177,Queens 10,Queens,2008,0.3721835461752641
1178,Queens 10,Queens,2009,0.36462822652995813
1179,Queens 10,Queens,2010,0.355087584561587
1180,Queens 10,Queens,2011,0.3777535579214721
1181,Queens 10,Queens,2012,0.364939302441924
1182,Queens 10,Queens,2013,0.37471822561123763
1183,Queens 10,Queens,2014,0.36368219944644653
1184,Queens 10,Queens,2015,0.3530226604891673
1185,Queens 10,Queens,2016,0.33315560369661773
1186,Queens 10,Queens,2017,0.33825518219934547
1187,Queens 10,Queens,2018,0.3622114780659929
1188,Queens 11,Queens,1992,0.37850363565866435
1189,Queens 11,Queens,1993,0.35637194887983076
1190,Queens 11,Queens,1994,0.3648438775249384
1191,Queens 11,Queens,1995,0.34995621898253193
1192,Queens 11,Queens,1996,0.3723784258890032
1193,Queens 11,Queens,1997,0.37257461860020896
1194,Queens 11,Queens,1998,0.3519865716539285
1195,Queens 11,Queens,1999,0.33054171606211985
1196,Queens 11,Queens,2000,0.31915741727088415
1197,Queens 11,Queens,2001,0.33276355531233115
1198,Queens 11,Queens,2002,0.37046606883197497
1199,Queens 11,Queens,2003,0.4018966740729638
1200,Queens 11,Queens,2004,0.3701313877676958
1201,Queens 11,Queens,2005,0.3573441368561194
1202,Queens 11,Queens,2006,0.3625254905487421
1203,Queens 11,Queens,2007,0.3491255299907528
1204,Queens 11,Queens,2008,0.33956021203982373
1205,Queens 11,Queens,2009,0.33056466561874714
1206,Queens 11,Queens,2010,0.31331088799374734
1207,Queens 11,Queens,2011,0.32724381089662335
1208,Queens 11,Queens,2012,0.3160181516075595
1209,Queens 11,Queens,2013,0.304301832060146
1210,Queens 11,Queens,2014,0.3004913556369515
1211,Queens 11,Queens,2015,0.29859412157235926
1212,Queens 11,Queens,2016,0.29136667572742087
1213,Queens 11,Queens,2017,0.2658209368761595
1214,Queens 11,Queens,2018,0.2818856912919004
1215,Queens 12,Queens,1992,0.41759021577131455
1216,Queens 12,Queens,1993,0.42512868339134025
1217,Queens 12,Queens,1994,0.43573666225141505
1218,Queens 12,Queens,1995,0.42729021303211445
1219,Queens 12,Queens,1996,0.4351674405637597
1220,Queens 12,Queens,1997,0.40674415817145126
1221,Queens 12,Queens,1998,0.38456688969287084
1222,Queens 12,Queens,1999,0.36890386624403837
1223,Queens 12,Queens,2000,0.3585737157986065
1224,Queens 12,Queens,2001,0.376487644550257
1225,Queens 12,Queens,2002,0.4140759070198299
1226,Queens 12,Queens,2003,0.4483771642080559
1227,Queens 12,Queens,2004,0.4200616769172069
1228,Queens 12,Queens,2005,0.3968185107917355
1229,Queens 12,Queens,2006,0.391321505144816
1230,Queens 12,Queens,2007,0.37921340791968317
1231,Queens 12,Queens,2008,0.3612574638349737
1232,Queens 12,Queens,2009,0.3560770791149753
1233,Queens 12,Queens,2010,0.34181144569513855
1234,Queens 12,Queens,2011,0.356628989688841
1235,Queens 12,Queens,2012,0.3428217719121127
1236,Queens 12,Queens,2013,0.33678563629631536
1237,Queens 12,Queens,2014,0.33400081117419206
1238,Queens 12,Queens,2015,0.33388682947404397
1239,Queens 12,Queens,2016,0.3339905623932013
1240,Queens 12,Queens,2017,0.33674884650266923
1241,Queens 12,Queens,2018,0.3463168415975098
1242,Queens 13,Queens,1992,0.4139290979128201
1243,Queens 13,Queens,1993,0.4210839747034639
1244,Queens 13,Queens,1994,0.4385688235046101
1245,Queens 13,Queens,1995,0.42137500481896506
1246,Queens 13,Queens,1996,0.42751186125699636
1247,Queens 13,Queens,1997,0.4055948095572625
1248,Queens 13,Queens,1998,0.36795794634496026
1249,Queens 13,Queens,1999,0.35135673881312096
1250,Queens 13,Queens,2000,0.34325721913146257
1251,Queens 13,Queens,2001,0.3606325435369978
1252,Queens 13,Queens,2002,0.3975747092929464
1253,Queens 13,Queens,2003,0.43547335968050455
1254,Queens 13,Queens,2004,0.4188824948535728
1255,Queens 13,Queens,2005,0.40457026981032174
1256,Queens 13,Queens,2006,0.39405222624914066
1257,Queens 13,Queens,2007,0.37221956382406124
1258,Queens 13,Queens,2008,0.35668522601975616
1259,Queens 13,Queens,2009,0.3519839481972018
1260,Queens 13,Queens,2010,0.33703955077866093
1261,Queens 13,Queens,2011,0.34840050910722437
1262,Queens 13,Queens,2012,0.34328853212246235
1263,Queens 13,Queens,2013,0.3324486712901696
1264,Queens 13,Queens,2014,0.33203770004466354
1265,Queens 13,Queens,2015,0.3277328078640832
1266,Queens 13,Queens,2016,0.32852049154820506
1267,Queens 13,Queens,2017,0.33673152829440317
1268,Queens 13,Queens,2018,0.3256610755995401
1269,Queens 14,Queens,1992,0.34439815375207045
1270,Queens 14,Queens,1993,0.3282412092780371
1271,Queens 14,Queens,1994,0.3057695548335824
1272,Queens 14,Queens,1995,0.31667578391609136
1273,Queens 14,Queens,1996,0.34449441172947715
1274,Queens 14,Queens,1997,0.3166884363624105
1275,Queens 14,Queens,1998,0.29057246565825645
1276,Queens 14,Queens,1999,0.2829806544623007
1277,Queens 14,Queens,2000,0.2777599685057084
1278,Queens 14,Queens,2001,0.28942645560004365
1279,Queens 14,Queens,2002,0.31481075557726035
1280,Queens 14,Queens,2003,0.33752214610400827
1281,Queens 14,Queens,2004,0.3342755420628484
1282,Queens 14,Queens,2005,0.3296850544062073
1283,Queens 14,Queens,2006,0.32497719447074114
1284,Queens 14,Queens,2007,0.3116632301743867
1285,Queens 14,Queens,2008,0.3043745940141992
1286,Queens 14,Queens,2009,0.3041481496083114
1287,Queens 14,Queens,2010,0.306016803214528
1288,Queens 14,Queens,2011,0.3224563187485351
1289,Queens 14,Queens,2012,0.3087772426239659
1290,Queens 14,Queens,2013,0.3390810420248452
1291,Queens 14,Queens,2014,0.3102653770655532
1292,Queens 14,Queens,2015,0.30333192260653047
1293,Queens 14,Queens,2016,0.2925436502877061
1294,Queens 14,Queens,2017,0.28573881203508966
1295,Queens 14,Queens,2018,0.29051514563534425
1296,Queens 2,Queens,1992,0.3688314491080338
1297,Queens 2,Queens,1993,0.35554232434297656
1298,Queens 2,Queens,1994,0.3285879871360284
1299,Queens 2,Queens,1995,0.31712095778166316
1300,Queens 2,Queens,1996,0.3196777820597032
1301,Queens 2,Queens,1997,0.3092632154393337
1302,Queens 2,Queens,1998,0.28706341242122435
1303,Queens 2,Queens,1999,0.2780059446364165
1304,Queens 2,Queens,2000,0.2696033478893741
1305,Queens 2,Queens,2001,0.27763707716329294
1306,Queens 2,Queens,2002,0.3062031374664908
1307,Queens 2,Queens,2003,0.33977149998014716
1308,Queens 2,Queens,2004,0.31984797966741496
1309,Queens 2,Queens,2005,0.3077848648806352
1310,Queens 2,Queens,2006,0.3056345423689397
1311,Queens 2,Queens,2007,0.30471941289369
1312,Queens 2,Queens,2008,0.2944629790017297
1313,Queens 2,Queens,2009,0.2899207587337333
1314,Queens 2,Queens,2010,0.2826969964664311
1315,Queens 2,Queens,2011,0.29228746947268897
1316,Queens 2,Queens,2012,0.28361359761437427
1317,Queens 2,Queens,2013,0.2817890227304382
1318,Queens 2,Queens,2014,0.28758799533045853
1319,Queens 2,Queens,2015,0.288496889975101
1320,Queens 2,Queens,2016,0.2921025414351234
1321,Queens 2,Queens,2017,0.2946695770578192
1322,Queens 2,Queens,2018,0.30202064290890857
1323,Queens 3,Queens,1992,0.4244133784303072
1324,Queens 3,Queens,1993,0.3975621606222496
1325,Queens 3,Queens,1994,0.3679087719989175
1326,Queens 3,Queens,1995,0.360929690312975
1327,Queens 3,Queens,1996,0.3676530665944226
1328,Queens 3,Queens,1997,0.35569311486114036
1329,Queens 3,Queens,1998,0.3299277956325187
1330,Queens 3,Queens,1999,0.3232964081748843
1331,Queens 3,Queens,2000,0.31620801618140204
1332,Queens 3,Queens,2001,0.3250605332465363
1333,Queens 3,Queens,2002,0.3578677275196739
1334,Queens 3,Queens,2003,0.39598586239936245
1335,Queens 3,Queens,2004,0.3829940258279962
1336,Queens 3,Queens,2005,0.37594535405463253
1337,Queens 3,Queens,2006,0.36687815634133686
1338,Queens 3,Queens,2007,0.35131556522267243
1339,Queens 3,Queens,2008,0.33549918699000775
1340,Queens 3,Queens,2009,0.3359987427162737
1341,Queens 3,Queens,2010,0.32503904975054787
1342,Queens 3,Queens,2011,0.3376187269261687
1343,Queens 3,Queens,2012,0.32405536492883985
1344,Queens 3,Queens,2013,0.3171974184653407
1345,Queens 3,Queens,2014,0.3193534034738493
1346,Queens 3,Queens,2015,0.31952988112531994
1347,Queens 3,Queens,2016,0.32357275951568115
1348,Queens 3,Queens,2017,0.3237203801703476
1349,Queens 3,Queens,2018,0.3300256611261996
1350,Queens 4,Queens,1992,0.36697271130952
1351,Queens 4,Queens,1993,0.3501327346866669
1352,Queens 4,Queens,1994,0.3285797753835875
1353,Queens 4,Queens,1995,0.3213604531728267
1354,Queens 4,Queens,1996,0.32516530986569897
1355,Queens 4,Queens,1997,0.3164474642355433
1356,Queens 4,Queens,1998,0.29872946735716294
1357,Queens 4,Queens,1999,0.29199878496310294
1358,Queens 4,Queens,2000,0.28772671476901884
1359,Queens 4,Queens,2001,0.296517738006701
1360,Queens 4,Queens,2002,0.3200191459942997
1361,Queens 4,Queens,2003,0.34671992866574536
1362,Queens 4,Queens,2004,0.33316878532473615
1363,Queens 4,Queens,2005,0.3224892750905125
1364,Queens 4,Queens,2006,0.31938374766121724
1365,Queens 4,Queens,2007,0.3176627864213058
1366,Queens 4,Queens,2008,0.30954461132485867
1367,Queens 4,Queens,2009,0.3067727805428115
1368,Queens 4,Queens,2010,0.2971703032480098
1369,Queens 4,Queens,2011,0.30238484291357864
1370,Queens 4,Queens,2012,0.2911863458350661
1371,Queens 4,Queens,2013,0.2806863731809727
1372,Queens 4,Queens,2014,0.27859354004395226
1373,Queens 4,Queens,2015,0.2755749466845204
1374,Queens 4,Queens,2016,0.26794223716757065
1375,Queens 4,Queens,2017,0.2616341285181491
1376,Queens 4,Queens,2018,0.2649505292956738
1377,Queens 5,Queens,1992,0.45769900437839484
1378,Queens 5,Queens,1993,0.42065629938321003
1379,Queens 5,Queens,1994,0.3730557523715985
1380,Queens 5,Queens,1995,0.3677656932204885
1381,Queens 5,Queens,1996,0.38192369177572466
1382,Queens 5,Queens,1997,0.3561506170544647
1383,Queens 5,Queens,1998,0.3220391173026879
1384,Queens 5,Queens,1999,0.31738334783665384
1385,Queens 5,Queens,2000,0.3185298141774807
1386,Queens 5,Queens,2001,0.3301488143485234
1387,Queens 5,Queens,2002,0.3706760005472645
1388,Queens 5,Queens,2003,0.4064915070777914
1389,Queens 5,Queens,2004,0.39289406157756523
1390,Queens 5,Queens,2005,0.37430791888062265
1391,Queens 5,Queens,2006,0.3737536805995119
1392,Queens 5,Queens,2007,0.37276049269009726
1393,Queens 5,Queens,2008,0.36004396080539913
1394,Queens 5,Queens,2009,0.3543965729930784
1395,Queens 5,Queens,2010,0.34574029197943146
1396,Queens 5,Queens,2011,0.35565548017848275
1397,Queens 5,Queens,2012,0.3447731599660864
1398,Queens 5,Queens,2013,0.3356630567386087
1399,Queens 5,Queens,2014,0.3257985868365105
1400,Queens 5,Queens,2015,0.3185615909970402
1401,Queens 5,Queens,2016,0.31415741268900416
1402,Queens 5,Queens,2017,0.3092133180574162
1403,Queens 5,Queens,2018,0.322465131012469
1404,Queens 6,Queens,1992,0.31536440879378197
1405,Queens 6,Queens,1993,0.31256602594485977
1406,Queens 6,Queens,1994,0.32233416687714067
1407,Queens 6,Queens,1995,0.32028390419527875
1408,Queens 6,Queens,1996,0.3291275532559371
1409,Queens 6,Queens,1997,0.32243673280333457
1410,Queens 6,Queens,1998,0.30619513210751415
1411,Queens 6,Queens,1999,0.3019652759157681
1412,Queens 6,Queens,2000,0.3001543542559521
1413,Queens 6,Queens,2001,0.3032770973299705
1414,Queens 6,Queens,2002,0.3316706449085369
1415,Queens 6,Queens,2003,0.3545523001400388
1416,Queens 6,Queens,2004,0.33565764120291575
1417,Queens 6,Queens,2005,0.32809605541310993
1418,Queens 6,Queens,2006,0.3251416655352408
1419,Queens 6,Queens,2007,0.32099534656363166
1420,Queens 6,Queens,2008,0.30718999038826666
1421,Queens 6,Queens,2009,0.29841536863300433
1422,Queens 6,Queens,2010,0.291852159248435
1423,Queens 6,Queens,2011,0.3040994856618078
1424,Queens 6,Queens,2012,0.29576080453869785
1425,Queens 6,Queens,2013,0.29096514557441483
1426,Queens 6,Queens,2014,0.2891834845413559
1427,Queens 6,Queens,2015,0.28561161703955795
1428,Queens 6,Queens,2016,0.288220202721251
1429,Queens 6,Queens,2017,0.2916332515603806
1430,Queens 6,Queens,2018,0.2942905450015792
1431,Queens 7,Queens,1992,0.33116338834725223
1432,Queens 7,Queens,1993,0.3190332967368949
1433,Queens 7,Queens,1994,0.3232232080200056
1434,Queens 7,Queens,1995,0.31051997833153877
1435,Queens 7,Queens,1996,0.3193706185270809
1436,Queens 7,Queens,1997,0.32140555522159375
1437,Queens 7,Queens,1998,0.30783715939949163
1438,Queens 7,Queens,1999,0.297186986844613
1439,Queens 7,Queens,2000,0.2946672593763377
1440,Queens 7,Queens,2001,0.3106991067653185
1441,Queens 7,Queens,2002,0.3412760261950903
1442,Queens 7,Queens,2003,0.3752215500464613
1443,Queens 7,Queens,2004,0.3547975002828607
1444,Queens 7,Queens,2005,0.3424446200111446
1445,Queens 7,Queens,2006,0.3415086881355813
1446,Queens 7,Queens,2007,0.3295682480488107
1447,Queens 7,Queens,2008,0.32497800342588584
1448,Queens 7,Queens,2009,0.31853764564172043
1449,Queens 7,Queens,2010,0.303935654972226
1450,Queens 7,Queens,2011,0.31607097827715663
1451,Queens 7,Queens,2012,0.3055688319068877
1452,Queens 7,Queens,2013,0.3016863908260117
1453,Queens 7,Queens,2014,0.30219303283227145
1454,Queens 7,Queens,2015,0.30008851318718743
1455,Queens 7,Queens,2016,0.29960676427436084
1456,Queens 7,Queens,2017,0.29725743843115715
1457,Queens 7,Queens,2018,0.2941101114077162
1458,Queens 8,Queens,1992,0.3169682886534252
1459,Queens 8,Queens,1993,0.3032727546059775
1460,Queens 8,Queens,1994,0.30812646831749896
1461,Queens 8,Queens,1995,0.30669037800174376
1462,Queens 8,Queens,1996,0.32991876350783783
1463,Queens 8,Queens,1997,0.32355745814603976
1464,Queens 8,Queens,1998,0.30988715086475155
1465,Queens 8,Queens,1999,0.2953911671347735
1466,Queens 8,Queens,2000,0.2820927186651569
1467,Queens 8,Queens,2001,0.3003758341420293
1468,Queens 8,Queens,2002,0.33030648307279276
1469,Queens 8,Queens,2003,0.3534500157332332
1470,Queens 8,Queens,2004,0.33124318713696105
1471,Queens 8,Queens,2005,0.3240667972008872
1472,Queens 8,Queens,2006,0.322952104682084
1473,Queens 8,Queens,2007,0.3030167222250271
1474,Queens 8,Queens,2008,0.2890277821061616
1475,Queens 8,Queens,2009,0.2810773700674816
1476,Queens 8,Queens,2010,0.27426062326695655
1477,Queens 8,Queens,2011,0.29074299666125014
1478,Queens 8,Queens,2012,0.2821957622953305
1479,Queens 8,Queens,2013,0.27510837875024463
1480,Queens 8,Queens,2014,0.27752907293344226
1481,Queens 8,Queens,2015,0.2743033226458128
1482,Queens 8,Queens,2016,0.2733436973926549
1483,Queens 8,Queens,2017,0.26476866709980235
1484,Queens 8,Queens,2018,0.27084488931772965
1485,Queens 9,Queens,1992,0.45208648041987237
1486,Queens 9,Queens,1993,0.4233430589775282
1487,Queens 9,Queens,1994,0.3872421217991412
1488,Queens 9,Queens,1995,0.3843035908584152
1489,Queens 9,Queens,1996,0.3896922742612217
1490,Queens 9,Queens,1997,0.37278590001431144
1491,Queens 9,Queens,1998,0.3456329447448368
1492,Queens 9,Queens,1999,0.32964558131923777
1493,Queens 9,Queens,2000,0.3174651149652562
1494,Queens 9,Queens,2001,0.32822542455106785
1495,Queens 9,Queens,2002,0.36908430627829747
1496,Queens 9,Queens,2003,0.4032124855842117
1497,Queens 9,Queens,2004,0.38863802941224246
1498,Queens 9,Queens,2005,0.37763462753664007
1499,Queens 9,Queens,2006,0.37582810114109244
1500,Queens 9,Queens,2007,0.3620601522228489
1501,Queens 9,Queens,2008,0.3502607885517795
1502,Queens 9,Queens,2009,0.3442034242213655
1503,Queens 9,Queens,2010,0.33552544359706105
1504,Queens 9,Queens,2011,0.3475870490638059
1505,Queens 9,Queens,2012,0.33299917803272006
1506,Queens 9,Queens,2013,0.3250361204584235
1507,Queens 9,Queens,2014,0.32281322620289304
1508,Queens 9,Queens,2015,0.3195405584425342
1509,Queens 9,Queens,2016,0.3203059764965674
1510,Queens 9,Queens,2017,0.32095868194293353
1511,Queens 9,Queens,2018,0.31453043754233473
1512,Staten Island 1,Staten Island,1992,0.41807276005808475
1513,Staten Island 1,Staten Island,1993,0.396793637837217
1514,Staten Island 1,Staten Island,1994,0.4188866736708506
1515,Staten Island 1,Staten Island,1995,0.4115540888809344
1516,Staten Island 1,Staten Island,1996,0.4173715328671856
1517,Staten Island 1,Staten Island,1997,0.4060893430411936
1518,Staten Island 1,Staten Island,1998,0.3984480392269821
1519,Staten Island 1,Staten Island,1999,0.3898077796023342
1520,Staten Island 1,Staten Island,2000,0.38988493871802915
1521,Staten Island 1,Staten Island,2001,0.39037095010325445
1522,Staten Island 1,Staten Island,2002,0.4374251711192978
1523,Staten Island 1,Staten Island,2003,0.479375942498976
1524,Staten Island 1,Staten Island,2004,0.4515173801521577
1525,Staten Island 1,Staten Island,2005,0.43227545478133755
1526,Staten Island 1,Staten Island,2006,0.42550444361306367
1527,Staten Island 1,Staten Island,2007,0.40198626999698717
1528,Staten Island 1,Staten Island,2008,0.3820073452632143
1529,Staten Island 1,Staten Island,2009,0.3745839290356373
1530,Staten Island 1,Staten Island,2010,0.3630635653974829
1531,Staten Island 1,Staten Island,2011,0.3789699215819396
1532,Staten Island 1,Staten Island,2012,0.3579207037469623
1533,Staten Island 1,Staten Island,2013,0.3482616748292585
1534,Staten Island 1,Staten Island,2014,0.3441782636241015
1535,Staten Island 1,Staten Island,2015,0.33438284193140083
1536,Staten Island 1,Staten Island,2016,0.3337961032605488
1537,Staten Island 1,Staten Island,2017,0.3370464183280843
1538,Staten Island 1,Staten Island,2018,0.3421656750517053
1539,Staten Island 2,Staten Island,1992,0.44571536709319703
1540,Staten Island 2,Staten Island,1993,0.43724630872966097
1541,Staten Island 2,Staten Island,1994,0.4602857314216932
1542,Staten Island 2,Staten Island,1995,0.4332929900483967
1543,Staten Island 2,Staten Island,1996,0.4322144284533383
1544,Staten Island 2,Staten Island,1997,0.417629099826468
1545,Staten Island 2,Staten Island,1998,0.4246686387105792
1546,Staten Island 2,Staten Island,1999,0.41937105262380986
1547,Staten Island 2,Staten Island,2000,0.4170385060320609
1548,Staten Island 2,Staten Island,2001,0.4225411909324971
1549,Staten Island 2,Staten Island,2002,0.4663977088450332
1550,Staten Island 2,Staten Island,2003,0.5045172203844728
1551,Staten Island 2,Staten Island,2004,0.47833210070230925
1552,Staten Island 2,Staten Island,2005,0.4584788508796777
1553,Staten Island 2,Staten Island,2006,0.4465280730796529
1554,Staten Island 2,Staten Island,2007,0.4269618601733416
1555,Staten Island 2,Staten Island,2008,0.40662492515267756
1556,Staten Island 2,Staten Island,2009,0.39707702219088076
1557,Staten Island 2,Staten Island,2010,0.38928281932986364
1558,Staten Island 2,Staten Island,2011,0.40980884324676065
1559,Staten Island 2,Staten Island,2012,0.4007182615638062
1560,Staten Island 2,Staten Island,2013,0.3965460317595411
1561,Staten Island 2,Staten Island,2014,0.3829483996218086
1562,Staten Island 2,Staten Island,2015,0.37486368739319487
1563,Staten Island 2,Staten Island,2016,0.3735966830365806
1564,Staten Island 2,Staten Island,2017,0.3767658237462049
1565,Staten Island 2,Staten Island,2018,0.3846476852607579
1566,Staten Island 3,Staten Island,1992,0.4907032734218925
1567,Staten Island 3,Staten Island,1993,0.4873377511817871
1568,Staten Island 3,Staten Island,1994,0.4844122801940697
1569,Staten Island 3,Staten Island,1995,0.4646777834511395
1570,Staten Island 3,Staten Island,1996,0.4654179204803271
1571,Staten Island 3,Staten Island,1997,0.45495279161610014
1572,Staten Island 3,Staten Island,1998,0.458820760838717
1573,Staten Island 3,Staten Island,1999,0.45789089169331293
1574,Staten Island 3,Staten Island,2000,0.43552135924869856
1575,Staten Island 3,Staten Island,2001,0.44549108925560327
1576,Staten Island 3,Staten Island,2002,0.5053249510448011
1577,Staten Island 3,Staten Island,2003,0.5530869590044694
1578,Staten Island 3,Staten Island,2004,0.5233348240811364
1579,Staten Island 3,Staten Island,2005,0.5032174364699432
1580,Staten Island 3,Staten Island,2006,0.5004828526481825
1581,Staten Island 3,Staten Island,2007,0.47595691506993176
1582,Staten Island 3,Staten Island,2008,0.459294658076637
1583,Staten Island 3,Staten Island,2009,0.43932187177391213
1584,Staten Island 3,Staten Island,2010,0.4317141983284335
1585,Staten Island 3,Staten Island,2011,0.44970487139737386
1586,Staten Island 3,Staten Island,2012,0.43296245586891297
1587,Staten Island 3,Staten Island,2013,0.42920491394939964
1588,Staten Island 3,Staten Island,2014,0.42464586777745994
1589,Staten Island 3,Staten Island,2015,0.4166519876712135
1590,Staten Island 3,Staten Island,2016,0.41514378280566966
1591,Staten Island 3,Staten Island,2017,0.4215027575159281
1592,Staten Island 3,Staten Island,2018,0.42891344975070017
