CD_ID,Borough,CD Number,1990,1991,1992,1993,1994,1995,1996,1997,1998,1999,2000,2001,2002,2003,2004,2005,2006,2007,2008,2009,2010,2011,2012,2013,2014,2015,2016,2017,2018
Bronx 1,Bronx,1,77214.0,77391.39330419422,77605.86024026938,78292.87081268316,78735.10220951318,79140.12315584857,79505.86392041526,80019.93679274176,80667.60498620305,81434.0290875138,82159.0,83522.65388354537,84889.37021510907,85724.23776984069,86111.22316539925,86247.07355535198,86606.71922594073,87570.84890696955,88766.01806140572,90183.7475413028,91497.0,92740.2783706138,94276.97033231714,95570.82455517942,96772.48192182249,97976.51144641388,98863.58649150374,99060.34257409781,99104.35452037441
Bronx 2,Bronx,2,39443.0,40017.132147643555,40606.75058941001,41443.11582077177,42150.79998248807,42837.75171632327,43502.1945295131,44247.20484339325,45067.12353570702,45955.83786252598,46824.0,47611.233805802505,48400.314948046595,48886.19585702802,49116.58685100707,49203.583965591286,49418.10673916532,49977.49413907177,50668.77062270209,51487.16527381997,52246.0,52964.94634562976,53851.551215456464,54599.535123940164,55294.90287192343,55991.67210407595,56507.32503475048,56628.3425512482,56661.90234803639
Bronx 3,Bronx,3,57162.0,58065.28091641323,58990.496508659126,60274.09452535209,61370.66758089425,62436.9405427756,63470.23290872706,64620.99261884764,65881.29361467756,67242.49333128227,68574.0,70053.33329211618,71538.6809406095,72577.09135644075,73233.76855775923,73671.77582638487,74295.90948475938,75436.69870034537,76777.62308572457,78313.69137398175,79762.0,81151.60646492231,82800.91015718883,84239.96614690415,85599.64921680845,86962.9922323909,88045.58679972037,88511.00054775602,88835.16329572427
Bronx 4,Bronx,4,119962.0,121424.56994502917,122936.26458648773,125195.27223445366,127065.044785093,128872.77306709166,130613.4758963257,132596.40416586274,134803.25008774849,137214.56154297464,139563.0,140976.34241824015,142385.73252992707,142899.69430565965,142673.7758289298,142045.2390077215,141798.6204046815,142546.74409047223,143668.01425073738,145142.5059200317,146441.0,147621.41914096128,149261.08196065735,150508.25844417498,151605.22887612515,152701.7816649181,153302.81543458826,152839.7564942092,152153.66454641684
Bronx 5,Bronx,5,118435.0,118935.46889063779,119491.17290956843,120774.22088460796,121680.09351997578,122528.07632697711,123314.65493942329,124331.01832644932,125555.44509281666,126965.86693573723,128313.0,128965.42759144562,129607.66305722746,129432.39520177837,128591.88572377176,127398.39440562953,126557.2951839481,126607.76274867573,126987.45754719322,127674.10505748734,128200.0,128617.9035772394,129429.96528741674,129895.5216315609,130227.57078167655,130556.04989844162,130459.68001012004,129462.75812478302,128286.88250740503
Bronx 6,Bronx,6,68061.0,68542.8496927604,69055.05457621167,69987.3947468284,70701.52087713985,71381.68675704213,72025.58385103686,72803.45778574122,73703.57670998869,74713.84823994145,75688.0,76841.4688009251,77996.71696923689,78662.91854808028,78918.89659115781,78946.24904445875,79179.97037221867,79966.91308668177,80964.49946731809,82164.28979577681,83268.0,84307.33727685138,85612.5196557922,86696.26922725263,87695.81286427577,88697.03568310941,89411.14926434343,89501.66864379295,89455.62071969241
Bronx 7,Bronx,7,128588.0,129340.33555960667,130151.14951789514,131753.97587967358,132945.71938036563,134073.86515881584,135134.2867466014,136446.26419359545,137987.02167003008,139733.23331184904,141411.0,141928.9450394713,142433.61922471417,142039.12629522308,140916.14613503218,139409.49236287046,138291.59389901336,138149.12664252066,138365.19210635184,138914.01260545597,139286.0,139539.14824902042,140217.9667380987,140519.3669069549,140675.05851308088,140825.82544676278,140517.92522002023,139241.7152506571,137776.39627837282
Bronx 8,Bronx,8,97030.0,97062.49213027442,97142.93187299803,97815.0771501699,98181.05782492163,98500.95756144663,98772.45871402537,99228.4709069965,99849.73932649745,100617.03820120738,101332.0,101896.3149300225,102453.0783630493,102363.80305359376,101748.0320791559,100852.19916023884,100234.56357077585,100322.76459644847,100672.0144859116,101265.02254334408,101731.0,102111.65105168299,102805.7076355436,103225.03224362464,103538.57462605766,103849.53933811004,103822.65936668492,103078.6920411623,102191.42060592794
Bronx 9,Bronx,9,155970.0,156517.57840074803,157138.69335133085,158716.42991177345,159798.29457123613,160804.32031420182,161730.04484051157,162957.27279699745,164456.96777433614,166199.72903059266,167859.0,169173.5609378544,170479.46219191267,170711.8115645146,170063.2044675104,168940.58252734062,168278.06196469945,168798.2721294363,169759.04010413063,171134.04526714832,172298.0,173320.2773563437,174878.1928972931,175972.58910297987,176889.05967799295,177803.13038235484,178139.51729637527,177242.38533841865,176092.5462215257
Bronx 10,Bronx,10,108093.0,108434.19723544671,108826.63142576246,109881.61548747354,110593.23030451557,111252.42250543988,111856.15651346782,112668.46378631338,113669.07300119437,114837.4921145762,115948.0,116994.518657154,118036.45952530099,118335.61841436998,118023.04944781515,117379.37856493231,117053.25137991045,117549.01241826096,118352.04976933662,119445.02928987904,120392.0,121240.9864818095,122465.97086561384,123367.71072620667,124145.56638822042,124922.44633748509,125293.71607259812,124796.29103552544,124118.72243393026
Bronx 11,Bronx,11,97842.0,98723.88467176033,99648.05614688185,101178.29553791227,102393.41363158474,103559.03700065825,104671.5655552388,105978.57072477667,107463.91848582102,109110.79954134447,110706.0,111532.60864001162,112353.09686297599,112465.91699109194,111998.66640163139,111219.86662043586,110744.59049707084,111047.91189340028,111640.92546423906,112506.02548240198,113232.0,113864.57106048804,114848.65388038746,115527.93236025206,116090.15216182778,116650.5904171657,116831.95307603595,116204.6401243019,115412.29082168276
Bronx 12,Bronx,12,129620.0,131028.81710548559,132491.93827452528,134760.6370083002,136610.05533227214,138393.04589337923,140104.48158471382,142075.94305828476,144286.98571497944,146716.07080045456,149077.0,150176.59200341124,151267.80517189045,151406.19064237882,150763.76475083025,149702.16495904402,149049.31727781627,149444.45064771702,150229.39503494912,151380.35984937032,152344.0,153181.8746244376,154492.50937423456,155392.99353096963,156135.94210018843,156876.42504877184,157107.08593325928,156250.40727404747,155172.0357009113
Brooklyn 1,Brooklyn,1,155972.0,155902.75093418977,156267.72560235567,156946.7158256181,157227.9787406736,157309.16367338382,157403.2466650335,157917.96673055302,158683.77709633883,159684.08521769606,160338.0,162002.51992017752,163215.25554341185,163707.67028677175,163767.98582197743,163855.37050504758,164171.85453124595,165485.27094859787,167743.29746906672,170585.6238474126,173083.0,176230.60557834437,179198.01736537457,181593.2109186052,183616.49919951055,185204.3002649485,186274.15141237125,186231.58136976595,186267.47904759238
Brooklyn 2,Brooklyn,2,94534.0,94635.54127358986,95000.13489386564,95555.78660797387,95869.36686350225,96060.4919230147,96258.87070788286,96714.25593290264,97323.78377295683,98077.92531490802,98620.0,98957.94054150484,99018.5442892719,98645.63498666986,98020.43953256377,97420.96953344005,96966.01421110258,97103.26210077277,97790.68133311062,98808.96873036033,99617.0,100787.94676038652,101843.06379560202,102563.13601515179,103066.83125944073,103322.66842295417,103289.44468887884,102644.72835534251,102051.92303303909
Brooklyn 3,Brooklyn,3,138696.0,138762.8637816364,139215.7397992561,139948.50731877566,140326.6967623541,140525.90564649348,140736.07941755062,141322.14272585217,142133.23691025196,143155.07961498902,143867.0,145128.19510260283,145984.20076048427,146197.11297989739,146026.8829888316,145884.0158393274,145947.93331319044,146899.26276468058,148687.72025543635,150990.7931940058,152985.0,155550.09827836108,157951.82080207096,159845.8363120042,161410.34243784458,162590.87228277232,163316.6584483396,163068.9360268802,162892.8561442428
Brooklyn 4,Brooklyn,4,102572.0,102418.28902079911,102550.23412938355,102888.13191357593,102965.23362778667,102911.65388047586,102866.9812023592,103097.37974455362,103491.42735601158,104037.81447522312,104358.0,105439.44471693605,106226.84148504688,106545.43519384826,106582.82964212743,106637.86791063336,106842.02849083026,107694.996010937,109162.68815110221,111010.59897579777,112634.0,114680.50687746657,116609.71831030089,118166.54188893508,119481.34105088495,120512.75413982056,121207.13603958559,121177.68919556135,121199.3243106129
Brooklyn 5,Brooklyn,5,161350.0,162009.1378769348,163116.8153601604,164553.07610412684,165572.7499559689,166379.3939129437,167196.5100881481,168459.25679125616,169991.72072660679,171779.4246164736,173198.0,174588.1196624859,175490.543378292,175620.54546443975,175291.81302132222,174997.71851390408,174953.24015983063,175973.17295700926,177995.1401722321,180631.30940081048,182896.0,185841.05231576934,188588.48648617236,190727.86580490717,192472.86950510117,193759.35177937016,194503.89658028755,194090.05282557034,193763.1395704434
Brooklyn 6,Brooklyn,6,102724.0,102524.34490710842,102610.81027526894,102903.29953043019,102934.92815579535,102836.0603397141,102746.29237145977,102931.34702810868,103279.66960278893,103779.76565501108,104054.0,104370.77189467971,104394.9572328692,103962.2961609823,103264.23033079498,102593.83395990428,102076.12400050626,102182.03043265124,102866.63400096205,103898.6821320058,104709.0,105900.08221136597,106968.66254774682,107684.71813088689,108173.19207699934,108401.31110375143,108326.15427291015,107610.03070641034,106948.89006713966
Brooklyn 7,Brooklyn,7,102553.0,103966.66509028102,105664.52552426107,107576.32253888616,109216.33536031292,110712.70835671973,112211.83003829978,114008.46994642958,115990.1103072675,118151.20749584465,120063.0,120970.93667390238,121540.8407208427,121576.06733879888,121294.38906386596,121037.45945156328,120953.85937269102,121606.41767262404,122951.09395441346,124719.22602218277,126230.0,128209.40169831853,130051.40615975269,131473.27324759716,132622.75929633112,133456.01713133015,133915.9948422491,133578.87101648972,133302.30476381246
Brooklyn 8,Brooklyn,8,96400.0,96055.9326080895,95980.51199174761,96097.62976270195,95971.04969715736,95723.30494514314,95484.71537810042,95501.78017465345,95669.92387701668,95977.78340737741,96076.0,96332.01865314289,96317.91282856233,95882.49495182253,95202.73845877283,94549.0125024447,94036.45769627766,94098.58977999177,94693.40985017703,95607.51894450226,96317.0,97376.08301956517,98321.79092089024,98942.90195779529,99354.53827244259,99526.8448545794,99420.69763669337,98726.5946202914,98083.45281994845
Brooklyn 9,Brooklyn,9,110715.0,109688.99815149435,108972.10264778604,108473.10788539468,107698.66922348423,106790.29877785096,105894.92104864161,105284.10608954998,104838.19870568991,104541.82856021158,104014.0,103705.16946153254,103104.36161050576,102055.58194608838,100753.79963829434,99487.95298182582,98378.01823185886,97872.32211884068,97916.98013214795,98282.939671761,98429.0,98921.91321426007,99287.8146685076,99316.75055813817,99129.47587283108,98700.18507255976,97994.65372647287,96714.72933515157,95493.09303734104
Brooklyn 10,Brooklyn,10,110612.0,111443.40572191738,112581.96270982463,113947.71948720804,115025.21645549207,115953.52896558482,116887.52972881917,118132.4763542993,119567.50280179504,121184.08004609213,122542.0,123033.10132069512,123179.53643575974,122786.31230281312,122078.20571304657,121401.12273064209,120903.23519752822,121143.3782312854,122070.34672187449,123411.4014166958,124491.0,126025.38843514553,127416.36926643133,128389.27891791535,129092.04137715138,129484.7476666466,129515.21261627367,128778.30791417962,128105.52756968791
Brooklyn 11,Brooklyn,11,149994.0,151715.23792691508,153852.4510488135,156300.79487892293,158354.06627887752,160200.11928159534,162051.5531669606,164333.16504424452,166880.63313414756,169684.575505952,172129.0,173531.97700651622,174450.25116157017,174600.57302772766,174294.57016658044,174022.70777648198,173998.80831689696,175033.40625300864,177064.81771016447,179707.53168068817,181981.0,184931.78800090888,187686.33376369317,189836.04904494595,191593.4361176083,192894.50671403625,193656.06214797517,193264.10548645686,192958.4287748264
Brooklyn 12,Brooklyn,12,160018.0,161995.18315505201,164416.01427849178,167169.49001148785,169500.4986285287,171609.27335143537,173723.23502231395,176298.14592771744,179158.6024121667,182295.113768303,185046.0,186127.70112318415,186688.66483581136,186429.97959672066,185689.11414493129,184990.59569875337,184560.88767315488,185256.05783820382,187003.66759515478,189390.7158952892,191382.0,194078.4048204932,196560.73316380568,198403.361478174,199831.91532976003,200782.3478051424,201171.1362784912,200365.08336551968,199654.05350794562
Brooklyn 13,Brooklyn,13,102596.0,102615.44930568615,102920.46596838043,103432.36995517573,103682.19729410774,103799.87798442661,103925.78749186164,104329.31866812771,104898.89994134112,105623.85602421986,106120.0,106191.45517679601,105964.71429963518,105275.55554884518,104320.67024997348,103397.333231923,102631.03532593913,102493.03728714834,102933.91466960807,103718.67256552022,104278.0,105212.06951780716,106019.37178435095,106473.35422845792,106699.77532349894,106668.00885168905,106337.77330182206,105380.5254323837,104480.69022092168
Brooklyn 14,Brooklyn,14,159825.0,160203.29718871517,161026.1412725633,162173.05748839583,162909.25784852088,163436.7164084215,163975.62691351987,164952.01426008475,166191.82337483965,167679.70394458325,168806.0,168397.21510357477,167514.50210964837,165903.48306385067,163880.04447907172,161913.70345688492,160199.9091123937,159469.57124713573,159636.56707852255,160328.85151059032,160664.0,161567.05077543113,162264.6454547734,162413.09427317258,162208.9841947076,161609.4072981273,160557.53764199364,158563.67570215696,156663.91895513388
Brooklyn 15,Brooklyn,15,143477.0,144691.72672671522,146304.742976949,148213.16212615016,149746.71409902582,151085.62703461578,152431.3829355307,154182.4292142698,156181.89108528424,158419.20659664125,160319.0,160638.8368628682,160508.01078215288,159675.6478423894,158437.67623726177,157244.5618156312,156287.57903494942,156286.272858085,157169.01904686372,158580.08786221175,159650.0,161297.48564340212,162755.00351677692,163673.52452128075,164244.43864394113,164419.1217257783,164133.77872300197,162878.7184719481,161709.26661080564
Brooklyn 16,Brooklyn,16,84923.0,84690.21034088556,84694.02028420029,84867.80564727129,84826.41175045306,84677.69612725609,84536.76950541031,84622.06936177067,84841.4204981711,85185.07125737917,85343.0,85661.73000874766,85740.43960744975,85443.63351946557,84927.98911739228,84434.25897541764,84065.44979056888,84209.92103508642,84831.67698889795,85740.85007525959,86468.0,87510.62584790355,88453.20738508026,89105.20229836092,89569.47641680685,89818.49458059855,89816.23624483083,89282.0218632485,88792.59003721128
Brooklyn 17,Brooklyn,17,161261.0,161187.20475803767,161562.35972183166,162262.16723741466,162550.77601536032,162632.5403859756,162727.64882163727,163257.62655631683,164047.1790621259,165079.14305946656,165753.0,165100.37799156015,163982.59881018664,162153.17963918982,159923.74033646603,157753.6904063415,155832.93875916325,154870.1699720316,154777.21094920707,155189.5932806623,155252.0,155858.47593783637,156261.38127413212,156131.26758586266,155659.50348513472,154806.75067742518,153520.69737555846,151336.32951736997,149245.70092107554
Brooklyn 18,Brooklyn,18,162428.0,165114.76123195273,168251.24151486057,171728.8556804898,174772.85324259827,177585.63900494948,180401.01949647072,183694.04944930974,187286.19933519958,191170.3354396282,194653.0,195011.48877909308,194822.82410849922,193782.79614967873,192250.88105672534,190773.82470983366,189583.62678187224,189552.86049190955,190594.13392105803,192275.6347942438,193543.0,195510.02106723434,197246.173334538,198328.6328178089,198989.58014000536,199170.30962846993,198793.7780222649,197243.01879527318,195796.36060821978
Manhattan 1,Manhattan,1,25366.0,26117.106347925535,26961.417325604234,27904.581291510476,28900.670980386614,29901.016629995804,30844.799018092657,31764.232824614228,32635.524215270954,33524.10426883079,34420.0,37324.3608201701,39864.64600608227,42582.06021912397,45335.256728634864,47970.877707257314,50633.79523105831,53249.86012496924,55945.005506769645,58303.50078463307,60978.0,64217.54467301543,67351.46793887753,70000.4448446639,72618.03273990004,75351.19478156288,77791.2579238798,79919.63926310326,82287.17482071194
Manhattan 2,Manhattan,2,94105.0,93454.29425860924,93163.55810578792,93215.8608403745,93429.57740463571,93637.10463209337,93654.28166718094,93592.86446623979,93391.53075748768,93244.0351992911,93119.0,93430.90118219757,92808.14193561298,92611.46533372233,92473.52876043817,92089.42209394922,91762.81860239212,91357.38331200862,91090.22832651075,90297.33965664878,90016.0,90528.6152512363,90827.39097811922,90448.33490024522,90035.5208135908,89768.04571627684,89161.05133701133,88231.448077057,87600.42816835722
Manhattan 3,Manhattan,3,161617.0,160945.174193372,160889.72413160733,161426.48542959752,162244.99063914415,163055.7161505662,163537.00440488363,163881.7921864934,163981.26930890456,164174.54439064354,164407.0,165395.44761243256,164730.77967976607,164821.467134838,165018.07191636763,164775.87675449072,164636.15503161462,164354.47088331328,164321.31834236375,163337.6140337847,163277.0,164660.7849763473,165662.85207486423,165431.37732321292,165137.33262674682,165109.6005130514,164456.12105091652,163202.85269948945,162496.96485670263
Manhattan 4,Manhattan,4,84431.0,84238.14109931518,84366.63279781945,84805.59401173977,85393.3492115356,85978.05119697886,86389.75382944792,86729.60682219798,86939.52649148273,87198.92137611398,87479.0,89652.63992838294,90935.69274211081,92632.26039656025,94393.49749568664,95905.55021949038,97475.69690248933,98959.84237460751,100592.75078292267,101635.8031619587,103245.0,105783.18096195662,108102.55237705883,109627.09668830139,111107.17630293746,112765.49784781932,113991.85321308942,114785.38366333651,115946.25248640402
Manhattan 5,Manhattan,5,43507.0,43303.2745540749,43265.570754113476,43387.131503429555,43584.3047432693,43779.237458714124,43885.61597528485,43955.326907551396,43959.25807829442,43988.3709462645,44028.0,45092.79454623958,45709.553053466014,46534.227209976336,47391.30209053756,48123.24123631766,48884.35571500433,49602.371375553535,50394.9663734579,50892.17775897502,51673.0,52918.53541343196,54054.22264252858,54792.32851951768,55508.253351724125,56313.23955990981,56902.57240404039,57276.07962385705,57833.11943552185
Manhattan 6,Manhattan,6,133748.0,133201.47735516133,133165.00448599784,133618.68808727167,134305.6281823776,134986.1905535722,135394.06973010133,135688.95409458058,135780.72240088286,135950.14261675876,136152.0,137728.50013962036,137930.9367164608,138764.24880652202,139689.0987576782,140243.3371760513,140884.07968007165,141402.44376025847,142134.2268729899,142040.1446007719,142745.0,144719.81936569096,146371.3001218785,146937.53867857473,147446.82155325185,148193.45668006537,148376.34009475022,148010.22053642798,148132.4064956009
Manhattan 7,Manhattan,7,210993.0,209426.358885969,208667.2508921987,208676.5286625478,209046.61814296304,209402.1418868331,209331.49184519539,209084.9932284721,208525.99963631685,208087.3939261707,207699.0,209230.8687057893,208672.43246587017,209070.24661745885,209603.29682412435,209579.30274705784,209685.37894168164,209610.31260704732,209852.06093535866,208878.50806717764,209084.0,211141.8026324056,212714.67438559502,212705.3899859115,212615.13979552247,212867.60725715454,212312.53974749625,210980.21010740747,210352.47262266531
Manhattan 8,Manhattan,8,210880.0,210256.15663822478,210435.52494363804,211389.36089734256,212713.38902884757,214028.88234185753,214913.08809330026,215618.32317081423,216000.62876411428,216506.08067038844,217063.0,218805.83298526006,218363.1747713687,218920.87792970357,219620.63003243896,219736.87135108098,219989.35446122897,220051.6271004313,220446.42072960013,219563.88103299143,219920.0,222225.75701910985,224023.36803809679,224155.56674578498,224202.18722554896,224610.1234645457,224165.59034325575,222898.9620692579,222375.2444936197
Manhattan 9,Manhattan,9,106978.0,106821.52384574493,107071.85098996031,107716.16327232412,108549.89767793694,109380.32547775972,109991.0566471452,110510.45090498659,110864.22444714367,111280.94876396749,111724.0,112318.88532765621,111790.89580526519,111775.67285709344,111832.03927628114,111590.94811381183,111419.32713654924,111151.72243864686,111052.23891779676,110310.72092498567,110193.0,111049.3510377213,111647.03493618678,111412.91245610139,111136.79098196524,111039.94057071349,110522.47525609798,109602.71931290574,109051.39257079772
Manhattan 10,Manhattan,10,99519.0,99689.06074123483,100236.25748164151,101152.14467351562,102247.45451136172,103341.70649019457,104229.79012578435,105031.82758754339,105676.23975487519,106380.15936308817,107109.0,108694.24712340918,109196.23627552742,110196.9558885048,111271.42773007994,112051.05580057822,112899.48288297496,113649.44510544813,114570.76111932586,114824.77316912272,115723.0,117653.88700936768,119327.11968779149,120117.60941740303,120860.95339698289,121798.67096207755,122272.15857671187,122289.94672864373,122707.81070949421
Manhattan 11,Manhattan,11,110508.0,110578.23011865676,111067.7297065152,111965.81332856628,113061.92615179604,114156.1058912316,115022.02459961957,115792.80080377519,116389.88151009995,117052.6850831114,117743.0,118811.01956328146,118692.73028831239,119117.93738672987,119620.8157779554,119806.00743479826,120065.36733360554,120220.77112261309,120557.77638894862,120195.65061056904,120511.0,121895.84689984337,123003.88787129552,123198.24060886295,123345.3409910408,123691.15218630711,123567.18263832104,122988.81644608584,122819.0956059491
Manhattan 12,Manhattan,12,198192.0,198044.2019617115,198649.47838511597,199985.64800178015,201674.1933257458,203357.52129020295,204633.0240639639,205738.82700273112,206536.1946351269,207450.61339537107,208414.0,207959.50206556055,205420.78026015704,203827.58021976656,202360.03460977692,200352.50936511625,198471.1880813296,196420.74979510249,194668.24570395556,191797.8861983812,190020.0,189906.87475987367,189326.12894770774,187325.15983142031,185256.45022078845,183487.4704605161,181027.85741442948,177925.7214724278,175438.63773417549
Queens 1,Queens,1,188549.0,189945.4103933271,191602.7557024602,193830.53241367714,195828.72960846865,198039.19559883888,200654.08965130348,203462.50662236393,206601.51805099988,209501.8507079578,211220.0,209245.18635488226,206561.68933383477,203607.3854849142,200108.28390088447,196891.72600278788,193872.79105170854,192186.02704613042,191610.2745713053,191633.86068795482,191105.0,190850.29169543448,190254.5225965266,189483.91060436485,188399.32559750575,186929.68694960215,184962.20793961574,181916.24031115317,178438.89600200724
Queens 2,Queens,2,94845.0,95912.84569238679,97109.66916356656,98594.45022411567,99961.96235379211,101437.3197691573,103120.39763164832,104904.49035108139,106861.40647902344,108697.31594955838,109920.0,110267.33285336428,110236.95014782122,110051.01958870838,109553.60742448927,109191.52900203077,108922.57053790122,109396.37774778048,110515.08108192049,112005.43259416381,113200.0,114582.74301125784,115786.76155242158,116906.96706632768,117852.62441519716,118571.12221539824,118980.1356374677,118687.5155189081,118091.26573761085
Queens 3,Queens,3,128924.0,132333.29820255138,135905.70639721633,139874.98184677048,143675.29133052457,147627.92153174253,151885.85401247712,156300.74824952366,160985.52684284648,165500.7561081734,169083.0,169361.9937497799,169061.626258752,168524.7033710955,167513.84009528393,166713.3250192847,166057.85584933634,166535.74675211753,167993.2535922319,170011.35045388158,171576.0,173421.65979082062,174992.62822713182,176433.34006551834,177607.62648219144,178437.45880416807,178800.58904401126,178110.50379237573,176968.05697077815
Queens 4,Queens,4,137023.0,139382.2863886545,141922.8144080502,144881.6262363935,147667.03137269107,150610.62903707838,153863.89163304068,157271.28710045788,160942.9442141948,164437.67054053757,167005.0,167593.6837170832,167608.09680104395,167385.53282280292,166688.48477467726,166196.53470633138,165845.63362374232,166625.43509204045,168388.00642307964,170717.88412039806,172598.0,174766.03486737437,176662.47314061093,178431.88977225017,179935.6151333998,181093.02242605944,181777.98511676735,181390.70873052377,180538.60895148266
Queens 5,Queens,5,149126.0,150116.38243135926,151313.85329111098,152962.16910181908,154429.46431935526,156064.31230003177,158017.6912288528,160122.9852460959,162487.71403387288,164663.96348839707,165911.0,166268.05129777535,166056.07028543364,165611.0861551577,164699.35875379745,163993.32448955503,163429.02604202417,163979.8240389649,165495.9018524009,167565.67225936413,169190.0,171092.82266496465,172726.0324030379,174231.8638465558,175475.59231338356,176379.70674412552,176822.82116001248,176223.9748996901,175176.45961484042
Queens 6,Queens,6,106996.0,107400.78619208903,107956.06305168854,108833.96523076098,109583.48083981847,110452.31913506029,111546.11528816975,112745.83911062396,114126.24282913099,115372.20594105005,115967.0,115716.2882029863,115071.08206855253,114268.33215860676,113149.51706116585,112178.7336140261,111310.55732405766,111203.7927718803,111747.45621304974,112656.39619702166,113257.0,114035.70750713462,114626.41255955942,115125.47296299087,115445.38946595912,115537.66734715685,115326.05863908515,114437.22490982896,113263.57766547047
Queens 7,Queens,7,220508.0,221735.98576901297,223271.66166831346,225473.3306389746,227408.48483704973,229590.70261135272,232241.15086751696,235113.85777977676,238365.95992225493,241339.9750827619,242952.0,243434.88073536582,243084.75730017008,242393.86034394364,241020.30011999747,239948.28710500943,239084.1077741034,239851.38273482185,242030.2271871698,245018.13543189495,247354.0,250096.3563022358,252443.94043272588,254604.7893963446,256382.15174538002,257662.97809529526,258270.2035697057,257355.71295961726,255786.51356094217
Queens 8,Queens,8,132101.0,132940.91296097107,133964.50534655448,135387.36789378154,136650.0587564381,138061.064308184,139753.79729775398,141580.72653458532,143636.80415851335,145526.01696579147,146594.0,147071.0855491511,147044.34362947772,146810.00902589867,146159.98722407463,145690.334239125,145344.77193207154,145990.29279693755,147496.5475268448,149499.05070590196,151107.0,152966.36724088437,154587.36745431932,156096.6634134614,157373.0619943893,158346.2408732256,158906.16983059503,158528.95457670768,157746.00771543235
Queens 9,Queens,9,112151.0,114571.51632602098,117137.32282110557,120046.8483474006,122812.05303556281,125708.16705638946,128863.47335266408,132149.84793713695,135661.25773865613,139026.5867256308,141608.0,141803.76204451642,141514.55131396683,141027.62695359,140144.5455103069,139437.9544680155,138853.1082203693,139216.09348762536,140397.67398265388,142047.10516928407,143317.0,144820.98839867755,146094.95521102988,147259.63358316218,148201.48654606537,148855.59514522195,149120.2272353225,148506.65422558895,147516.4068779669
Queens 10,Queens,10,107768.0,109217.9564763209,110812.98863437715,112735.87154325083,114524.35166307504,116436.06335644406,118586.5713513258,120854.23286422422,123322.49127033596,125652.64342832133,127274.0,126808.43295672679,125911.14188024151,124842.97054269596,123431.7897056403,122184.69454077189,121051.55747882267,120747.21706364013,121147.483448307,121940.36765375566,122396.0,123040.80008072918,123479.4380831897,123816.50218459137,123958.50021974587,123854.37223608958,123423.70815243607,122269.22801622057,120813.12340970927
Queens 11,Queens,11,108056.0,108393.93370925044,108884.29097459473,109700.27277085886,110386.94214416995,111193.90909278953,112227.23201600529,113366.82074235185,114687.61382093324,115872.81767727618,116404.0,116427.1128298175,116052.46368595157,115516.75591018067,114658.2035529383,113945.9020042481,113334.65113807171,113497.5720654102,114326.70443569841,115534.42933325435,116431.0,117515.4387019052,118410.91978308019,119215.84485508334,119838.72189490625,120227.75200984796,120301.67798870632,119667.77475778638,118732.17064197146
Queens 12,Queens,12,201293.0,202595.22498547274,204177.19759672805,206367.632736839,208313.8919984354,210486.2158245603,213088.09289562085,215894.68031888627,219050.83941905893,221952.67518783617,223602.0,223872.95099865834,223378.367183219,222571.99511100122,221140.8588418051,219988.72942148565,219029.10745546958,219564.75763018048,221391.135150457,223954.6004988733,225919.0,228251.77524413422,230221.37584725374,232018.2085534356,233463.50485158703,234455.18987170927,234833.2822280866,233828.56635672503,232231.27015425597
Queens 13,Queens,13,177535.0,178591.25662942367,179894.818642789,181734.77167800296,183359.81877917206,185183.97889671873,187385.91197085523,189767.4678924446,192455.68876398294,194919.8419570556,196284.0,195549.1850744887,194148.66739706232,192484.79415939018,190292.2680687909,188352.94060467283,186589.4800287538,186103.5978021371,186703.5558022004,187908.28484867202,188593.0,189568.89635219675,190226.86134095618,190728.0897045803,190928.62042916348,190749.89900286734,190068.20459124312,188271.94566875292,186011.48414338025
Queens 14,Queens,14,100596.0,100743.20384315931,101033.35230144458,101626.17933735477,102099.43896144643,102684.20148165195,103477.73080276579,104368.50925044752,105424.99245619611,106355.68023965231,106686.0,107534.05363540411,108012.19271447333,108333.92837201376,108342.9549661483,108478.98478265575,108701.78154356765,109663.88297033333,111276.69873268054,113272.43004557982,114978.0,116883.11814224983,118614.31136815684,120266.82399133345,121745.77891112604,122994.30827923284,123923.72886694474,124119.99527612183,123992.15855415142
Staten Island 1,Staten Island,1,137806.0,140620.6461577453,143548.69710158109,146204.96517083695,147651.62963527328,149013.22002839422,150914.9403824905,153311.82919933094,156431.1876673408,159782.59865295675,162609.0,164392.86781720232,166226.1451803138,167795.02863803357,168547.44323320224,169029.0281157886,169642.8817219145,170817.2769197183,172734.63669797705,174357.7204930924,175756.0,176633.01541340598,176860.40326058463,177680.4755514296,178096.95288295826,178612.03539939,179596.16488754048,180430.63712608136,181020.7876363994
Staten Island 2,Staten Island,2,113944.0,115531.39278753095,117207.98486419825,118659.66381909091,119133.82548407109,119549.36080136955,120405.7444038297,121659.86522757125,123484.7483892943,125486.48665840746,127071.0,127929.30289401203,128822.88840737694,129509.15719032791,129566.25722798955,129419.49205759997,129378.65160763278,129767.79700534805,130719.97487621299,131446.79012654963,132003.0,132168.6949722214,131852.48856343175,131982.4076104646,131816.19259892913,131727.34959576247,131987.2532036689,132139.10833254416,132114.92476693317
Staten Island 3,Staten Island,3,126956.0,129859.96105472375,132870.3180342207,135630.37101007212,137266.54488065565,138819.41917023624,140872.3152136798,143386.30557309775,146577.06394336498,149987.91468863582,152908.0,154077.82928878564,155290.9664123092,156254.8141716385,156459.29953880815,156416.47982661144,156500.46667045276,157103.9260749336,158389.38842580988,159402.48938035793,160209.0,160541.28961437262,160287.10817598365,160574.1168381057,160499.8545181126,160518.61500484752,160961.58190879066,161272.25454137448,161367.28759666745
